year,borough,community_board,count,avg,avg,avg
2010,BRONX,201,971,4322.0000000000000000,2704.5000000000000000,26.0303983228511530
2010,BRONX,202,989,4298.3333333333333333,,22.1642857142857143
2010,BRONX,203,1283,4253.3333333333333333,,22.6023437500000000
2010,BRONX,204,1382,4337.0000000000000000,,26.3026124818577649
2010,BRONX,205,1409,4286.8571428571428571,-78.0000000000000000,79.6860215053763441
2010,BRONX,206,1618,4354.8750000000000000,4438.0000000000000000,27.1782608695652174
2010,BRONX,207,1450,4409.0000000000000000,,17.8516978516978517
2010,BRONX,208,945,4306.8333333333333333,,13.4244372990353698
2010,BRONX,209,1888,4339.0000000000000000,-78.0000000000000000,17.7797969000534474
2010,BRONX,210,1680,4340.7142857142857143,62.0000000000000000,11.9585834333733493
2010,BRONX,211,2089,4270.1428571428571429,63.0000000000000000,14.4679518072289157
2010,BRONX,212,3559,4400.2000000000000000,62.0000000000000000,7.1595385481148002
2010,BRONX,228,1,,,1.00000000000000000000
2010,BRONX,401,328,,,2.6189024390243902
2010,BRONX,,23,4294.0588235294117647,,471.6666666666666667
2010,BROOKLYN,301,3751,4367.0588235294117647,1417.0000000000000000,26.4113551151580075
2010,BROOKLYN,302,1755,4335.2500000000000000,,15.4394721744119334
2010,BROOKLYN,303,3012,4326.1923076923076923,-78.0000000000000000,16.3168117883456129
2010,BROOKLYN,304,1814,4293.1250000000000000,1994.0000000000000000,18.6090100111234705
2010,BROOKLYN,305,3085,4309.8333333333333333,,8.0431958428061059
2010,BROOKLYN,306,2248,4282.6666666666666667,3916.0000000000000000,11.2090218847699866
2010,BROOKLYN,307,1688,4391.3333333333333333,,17.2106824925816024
2010,BROOKLYN,308,1526,4269.5000000000000000,,16.3309210526315789
2010,BROOKLYN,309,1079,4285.0000000000000000,,11.5088372093023256
2010,BROOKLYN,310,1966,4266.0000000000000000,,6.0631364562118126
2010,BROOKLYN,311,3176,4288.0000000000000000,,7.6232660781841110
2010,BROOKLYN,312,3503,4322.6111111111111111,4446.0000000000000000,10.7888091822094692
2010,BROOKLYN,313,1050,4236.6666666666666667,,5.7230181470869150
2010,BROOKLYN,314,2515,4375.5000000000000000,49.0000000000000000,7.7054603427660422
2010,BROOKLYN,315,3460,4290.8333333333333333,,7.2061378112333526
2010,BROOKLYN,316,1189,4396.0000000000000000,,8.1783601014370245
2010,BROOKLYN,317,2510,4320.5000000000000000,,3.9804625199362041
2010,BROOKLYN,318,4098,4359.8181818181818182,,23.2067531196476633
2010,BROOKLYN,355,3,4313.0000000000000000,,2.5000000000000000
2010,BROOKLYN,356,1,,,2.0000000000000000
2010,BROOKLYN,,28,4351.8666666666666667,,20.3846153846153846
2010,MANHATTAN,101,703,4329.1111111111111111,228.0000000000000000,18.2031700288184438
2010,MANHATTAN,102,2179,4321.2666666666666667,,15.5189463955637708
2010,MANHATTAN,103,3691,4394.9736842105263158,1035.0000000000000000,41.3230221735559814
2010,MANHATTAN,104,1457,4326.7000000000000000,,10.7311679336558397
2010,MANHATTAN,105,1262,4315.5555555555555556,,11.5810055865921788
2010,MANHATTAN,106,974,4254.6666666666666667,,6.1126033057851240
2010,MANHATTAN,107,1386,,,11.4256854256854257
2010,MANHATTAN,108,1717,4242.0000000000000000,,11.6565420560747664
2010,MANHATTAN,109,936,4280.2857142857142857,3300.5000000000000000,29.0661605206073753
2010,MANHATTAN,110,1354,4245.5000000000000000,,13.3248882265275708
2010,MANHATTAN,111,1057,4288.5000000000000000,-78.0000000000000000,16.6373205741626794
2010,MANHATTAN,112,2020,4317.6428571428571429,4449.0000000000000000,30.8868394815553340
2010,MANHATTAN,164,1,,,6.0000000000000000
2010,MANHATTAN,,22,4415.6000000000000000,,65.0588235294117647
2010,QUEENS,401,2940,4297.4062500000000000,3806.8333333333333333,38.2833562585969739
2010,QUEENS,402,2056,4323.1428571428571429,2926.0000000000000000,20.9772389905987135
2010,QUEENS,403,2825,4260.6666666666666667,,7.0141743444365698
2010,QUEENS,404,2116,4264.3333333333333333,,14.1658767772511848
2010,QUEENS,405,3191,4300.5000000000000000,4066.0000000000000000,9.0302743614001892
2010,QUEENS,406,1559,4276.5000000000000000,,5.2836012861736334
2010,QUEENS,407,3866,4343.2500000000000000,4424.5000000000000000,9.1259740259740260
2010,QUEENS,408,2961,4311.7500000000000000,,3.3769048425330173
2010,QUEENS,409,3262,4295.7500000000000000,,9.6282995702885206
2010,QUEENS,410,3336,4269.5000000000000000,,3.7635054021608643
2010,QUEENS,411,1965,4306.0000000000000000,,5.8370786516853933
2010,QUEENS,412,5309,4294.0000000000000000,,5.4293292913982569
2010,QUEENS,413,4877,4335.1666666666666667,,6.1745215064828154
2010,QUEENS,414,1809,4340.2500000000000000,1994.0000000000000000,7.2059966685174903
2010,QUEENS,481,2,,,0.50000000000000000000
2010,QUEENS,482,6,,,2.3333333333333333
2010,QUEENS,484,2,,,0.00000000000000000000
2010,QUEENS,,42,4281.1111111111111111,,321.2000000000000000
2010,STATEN ISLAND,501,4337,4316.1666666666666667,,5.1588547679519741
2010,STATEN ISLAND,502,3323,4287.5714285714285714,3261.0000000000000000,3.8151387213510253
2010,STATEN ISLAND,503,3922,4373.5000000000000000,3261.0000000000000000,4.2723328228688106
2010,STATEN ISLAND,595,16,,,1.6250000000000000
2010,STATEN ISLAND,,4,4279.5000000000000000,,8.0000000000000000
2010,Unspecified,,485,4333.9000000000000000,,10.7052631578947368
2010,,,533,,,1.8198874296435272
2011,BRONX,201,924,3916.1578947368421053,3217.5000000000000000,19.9683972911963883
2011,BRONX,202,909,3932.0930232558139535,3846.2000000000000000,17.2921478060046189
2011,BRONX,203,1061,3911.3600000000000000,3812.0000000000000000,11.5000000000000000
2011,BRONX,204,1063,3929.6060606060606061,3812.0000000000000000,10.0446601941747573
2011,BRONX,205,854,3876.6666666666666667,3812.0000000000000000,10.3076009501187648
2011,BRONX,206,1053,3910.4444444444444444,3799.8000000000000000,17.3372319688109162
2011,BRONX,207,1554,3979.0769230769230769,2836.7500000000000000,11.5438943894389439
2011,BRONX,208,938,3876.0000000000000000,,7.1985058697972252
2011,BRONX,209,2202,3921.7837837837837838,3812.0000000000000000,49.1501154734411085
2011,BRONX,210,1876,3903.2592592592592593,3804.5000000000000000,9.1065440778799351
2011,BRONX,211,2048,3955.3513513513513514,3829.0000000000000000,13.6797613127797116
2011,BRONX,212,3619,3964.8285714285714286,3918.0000000000000000,7.9151785714285714
2011,BRONX,226,4,,,2.7500000000000000
2011,BRONX,228,1,,,2.0000000000000000
2011,BRONX,401,307,,,2.7882736156351792
2011,BRONX,,46,3940.1750000000000000,,570.3333333333333333
2011,BROOKLYN,301,3420,3905.5569620253164557,3638.1538461538461538,15.1340915893445076
2011,BROOKLYN,302,1652,3960.1250000000000000,3790.0000000000000000,10.9107579462102689
2011,BROOKLYN,303,3322,3965.3421052631578947,3341.0000000000000000,11.2984165651644336
2011,BROOKLYN,304,1689,3926.5625000000000000,2515.3333333333333333,12.9013747758517633
2011,BROOKLYN,305,2971,3914.9411764705882353,3809.5555555555555556,8.9539607312119160
2011,BROOKLYN,306,2260,3957.9230769230769231,1867.0000000000000000,10.9385847797062750
2011,BROOKLYN,307,1722,3996.2000000000000000,3790.0000000000000000,11.6022392457277549
2011,BROOKLYN,308,1682,3919.0000000000000000,3261.0000000000000000,12.8977272727272727
2011,BROOKLYN,309,1146,3916.1666666666666667,3768.0000000000000000,12.4937943262411348
2011,BROOKLYN,310,2056,3958.1428571428571429,3771.0000000000000000,8.8823816495851635
2011,BROOKLYN,311,3408,3884.5454545454545455,3812.0000000000000000,8.3394171327642037
2011,BROOKLYN,312,3444,3918.3333333333333333,3801.0000000000000000,8.7019848219497957
2011,BROOKLYN,313,1040,4030.0000000000000000,,10.6015399422521655
2011,BROOKLYN,314,2536,3913.6666666666666667,3803.6666666666666667,10.0238284352660842
2011,BROOKLYN,315,3506,3956.3750000000000000,,8.7487135506003431
2011,BROOKLYN,316,1372,3878.9777777777777778,3812.0000000000000000,12.9012810851544838
2011,BROOKLYN,317,2778,3932.8181818181818182,3694.0000000000000000,6.6028189374774124
2011,BROOKLYN,318,3831,3972.8000000000000000,,6.8495158335514263
2011,BROOKLYN,355,3,,,126.0000000000000000
2011,BROOKLYN,356,2,,,7.0000000000000000
2011,BROOKLYN,,64,3929.5333333333333333,,133.4210526315789474
2011,MANHATTAN,101,533,4037.0000000000000000,,12.1240601503759398
2011,MANHATTAN,102,1759,3991.0400000000000000,,16.2226066897347174
2011,MANHATTAN,103,1853,4067.3750000000000000,1591.5000000000000000,18.4697876973326075
2011,MANHATTAN,104,1478,3944.7777777777777778,3779.0000000000000000,8.8032675289312457
2011,MANHATTAN,105,797,3964.6153846153846154,3870.0000000000000000,13.7971938775510204
2011,MANHATTAN,106,862,4032.6666666666666667,3812.0000000000000000,8.3061699650756694
2011,MANHATTAN,107,1309,4051.1111111111111111,,11.2638461538461538
2011,MANHATTAN,108,1687,3939.2142857142857143,3836.0000000000000000,13.4518828451882845
2011,MANHATTAN,109,768,4025.2105263157894737,,19.5380507343124166
2011,MANHATTAN,110,1512,4027.0312500000000000,-78.0000000000000000,15.9168918918918919
2011,MANHATTAN,111,841,4014.4615384615384615,2923.0000000000000000,18.7971014492753623
2011,MANHATTAN,112,1871,4051.7096774193548387,3812.0000000000000000,23.5326086956521739
2011,MANHATTAN,,13,3978.4444444444444444,,46.2500000000000000
2011,QUEENS,401,2587,3949.1000000000000000,3812.0000000000000000,10.9177337989910749
2011,QUEENS,402,2023,3939.4629629629629630,3838.5555555555555556,12.0350431691213814
2011,QUEENS,403,2504,3917.5681818181818182,3723.8571428571428571,17.9378048780487805
2011,QUEENS,404,2490,3919.9000000000000000,3795.9000000000000000,22.1196652719665272
2011,QUEENS,405,3147,4018.0000000000000000,,8.4226342710997442
2011,QUEENS,406,1450,3909.0000000000000000,,6.6205698401667825
2011,QUEENS,407,4403,3946.3544303797468354,3794.3333333333333333,9.6447733580018501
2011,QUEENS,408,2921,3950.8333333333333333,,6.3897084048027444
2011,QUEENS,409,2963,4022.5000000000000000,3829.0000000000000000,8.1189427312775330
2011,QUEENS,410,2964,4028.2500000000000000,2562.3333333333333333,6.8285907859078591
2011,QUEENS,411,2173,3982.0000000000000000,3946.6666666666666667,8.1219963031423290
2011,QUEENS,412,6590,3949.5833333333333333,3812.0000000000000000,7.3078443295834600
2011,QUEENS,413,4602,3960.2500000000000000,3751.0000000000000000,7.5596430126251633
2011,QUEENS,414,1537,3972.4285714285714286,3898.5000000000000000,7.2686274509803922
2011,QUEENS,480,2,,,8.0000000000000000
2011,QUEENS,481,1,,,35.0000000000000000
2011,QUEENS,482,8,,,1.1250000000000000
2011,QUEENS,,51,3959.6341463414634146,,215.1000000000000000
2011,STATEN ISLAND,501,4617,3917.4000000000000000,3829.7500000000000000,5.5823554976097349
2011,STATEN ISLAND,502,3667,3940.3750000000000000,,5.7920196775075157
2011,STATEN ISLAND,503,3820,3889.3333333333333333,3852.3333333333333333,5.1952243505641564
2011,STATEN ISLAND,595,5,,,3.8000000000000000
2011,STATEN ISLAND,,1,3810.0000000000000000,,
2011,Unspecified,,461,3986.3333333333333333,,9.1986899563318777
2011,,,320,,,2.0156250000000000
2012,BRONX,201,754,3564.5161290322580645,3070.6666666666666667,8.4204702627939142
2012,BRONX,202,785,3556.5432098765432099,3275.4000000000000000,24.6150568181818182
2012,BRONX,203,924,3520.4666666666666667,3443.0000000000000000,18.4425483503981797
2012,BRONX,204,815,3540.2121212121212121,3518.7777777777777778,11.3887468030690537
2012,BRONX,205,793,3559.6857142857142857,3010.1428571428571429,15.6873350923482850
2012,BRONX,206,983,3575.4888888888888889,3515.9166666666666667,12.0373134328358209
2012,BRONX,207,1262,3592.6923076923076923,3545.7500000000000000,13.2747342600163532
2012,BRONX,208,849,3574.4000000000000000,3555.0000000000000000,6.4207389749702026
2012,BRONX,209,1527,3654.4516129032258065,3596.5625000000000000,10.9399317406143345
2012,BRONX,210,1412,3625.8437500000000000,3589.3846153846153846,6.4855072463768116
2012,BRONX,211,1454,3569.3389830508474576,3246.5000000000000000,11.6487455197132616
2012,BRONX,212,2873,3556.4029850746268657,3494.0000000000000000,8.5730577334283678
2012,BRONX,226,5,,,7.0000000000000000
2012,BRONX,227,2,,,1.00000000000000000000
2012,BRONX,228,1,,,0.00000000000000000000
2012,BRONX,401,309,,,1.3398058252427184
2012,BRONX,,152,3556.4868421052631579,,
2012,BROOKLYN,301,3619,3581.6991150442477876,3520.2083333333333333,23.3245864232743868
2012,BROOKLYN,302,1701,3594.0882352941176471,3544.6666666666666667,10.3359328134373125
2012,BROOKLYN,303,3162,3568.9122807017543860,3466.6153846153846154,12.3887278582930757
2012,BROOKLYN,304,1529,3575.4000000000000000,3510.6666666666666667,14.6717305151915456
2012,BROOKLYN,305,2851,3653.8181818181818182,3460.5000000000000000,8.0376760563380282
2012,BROOKLYN,306,1863,3567.9393939393939394,3536.0769230769230769,14.6972677595628415
2012,BROOKLYN,307,1607,3562.2448979591836735,3349.1304347826086957,28.5815147625160462
2012,BROOKLYN,308,1595,3611.5000000000000000,3523.9000000000000000,12.8166772756206238
2012,BROOKLYN,309,1026,3586.0294117647058824,3546.5000000000000000,12.6350806451612903
2012,BROOKLYN,310,1838,3577.6153846153846154,3497.5555555555555556,11.8739726027397260
2012,BROOKLYN,311,2672,3577.2105263157894737,3530.8000000000000000,11.8699585375047116
2012,BROOKLYN,312,2917,3586.6101694915254237,3510.3500000000000000,13.1277116864940518
2012,BROOKLYN,313,961,3532.1111111111111111,3498.5000000000000000,11.1659663865546218
2012,BROOKLYN,314,2127,3612.1851851851851852,3521.7142857142857143,10.0980952380952381
2012,BROOKLYN,315,2818,3604.0000000000000000,3537.8333333333333333,10.6748663101604278
2012,BROOKLYN,316,1332,3530.6666666666666667,3542.7500000000000000,15.5414746543778802
2012,BROOKLYN,317,2581,3592.7105263157894737,3540.3750000000000000,11.0066850176956351
2012,BROOKLYN,318,3256,3598.1875000000000000,3555.3333333333333333,4.5996913580246914
2012,BROOKLYN,356,3,,,11.6666666666666667
2012,BROOKLYN,,153,3567.4797297297297297,,17.0000000000000000
2012,MANHATTAN,101,462,3571.0000000000000000,,11.9582417582417582
2012,MANHATTAN,102,1694,3624.5000000000000000,3404.4000000000000000,20.2246117084826762
2012,MANHATTAN,103,2122,3610.2666666666666667,3517.1250000000000000,27.6037284894837476
2012,MANHATTAN,104,1184,3658.2000000000000000,1729.5000000000000000,7.4241908006814310
2012,MANHATTAN,105,696,3549.5000000000000000,3452.5000000000000000,8.1315028901734104
2012,MANHATTAN,106,834,3525.0000000000000000,3388.6666666666666667,4.9746987951807229
2012,MANHATTAN,107,958,,,3.7682672233820459
2012,MANHATTAN,108,1185,3590.0000000000000000,3644.0000000000000000,7.5253807106598985
2012,MANHATTAN,109,573,3569.4285714285714286,3537.3333333333333333,9.9575971731448763
2012,MANHATTAN,110,1222,3633.0000000000000000,3461.0000000000000000,6.6677631578947368
2012,MANHATTAN,111,827,3541.2000000000000000,3497.0000000000000000,7.5559610705596107
2012,MANHATTAN,112,1412,3627.4666666666666667,3524.2857142857142857,7.3350035790980673
2012,MANHATTAN,208,10,3552.5000000000000000,3450.0000000000000000,98.1250000000000000
2012,MANHATTAN,,46,3617.8604651162790698,,73.3333333333333333
2012,QUEENS,401,2392,3594.4117647058823529,3556.7142857142857143,10.2789406236651004
2012,QUEENS,402,1765,3565.5822784810126582,3473.3888888888888889,15.8570581257413998
2012,QUEENS,403,2648,3605.6326530612244898,3214.0000000000000000,9.8872643324355521
2012,QUEENS,404,1659,3565.3857142857142857,3560.7142857142857143,13.0119572057898049
2012,QUEENS,405,2534,3607.3333333333333333,3555.2500000000000000,4.8026107594936709
2012,QUEENS,406,1070,3642.6000000000000000,,4.0112676056338028
2012,QUEENS,407,3532,3573.3736263736263736,3523.3333333333333333,6.7018308631211857
2012,QUEENS,408,2531,3585.8823529411764706,,7.2649164677804296
2012,QUEENS,409,2389,3578.3846153846153846,3499.5000000000000000,6.8066017774016081
2012,QUEENS,410,2129,3690.0000000000000000,,3.8260460742830277
2012,QUEENS,411,1546,3654.0000000000000000,3512.0000000000000000,4.9027867790019443
2012,QUEENS,412,5315,3566.1538461538461538,3487.5714285714285714,7.5530346001134430
2012,QUEENS,413,2933,3641.7500000000000000,3512.0000000000000000,5.2014339364970980
2012,QUEENS,414,1258,3584.1666666666666667,3512.2500000000000000,6.2699680511182109
2012,QUEENS,480,2,,,0.50000000000000000000
2012,QUEENS,482,6,,,3.8333333333333333
2012,QUEENS,484,2,,,3.5000000000000000
2012,QUEENS,,182,3559.7247191011235955,,229.7500000000000000
2012,STATEN ISLAND,501,3987,3586.0454545454545455,3524.7500000000000000,6.3451686533096627
2012,STATEN ISLAND,502,2871,3600.6875000000000000,3570.1111111111111111,4.6504378283712785
2012,STATEN ISLAND,503,2938,3630.3750000000000000,3570.8000000000000000,5.6355236139630390
2012,STATEN ISLAND,595,7,,,6.7142857142857143
2012,STATEN ISLAND,,23,3577.1875000000000000,,274.0000000000000000
2012,Unspecified,,181,,,4.0110497237569061
2012,,,301,,,1.5714285714285714
2013,BRONX,201,801,3279.9200000000000000,2166.5000000000000000,29.1920103092783505
2013,BRONX,202,721,3279.5636363636363636,3148.3333333333333333,36.3858858858858859
2013,BRONX,203,709,3242.6538461538461538,1640.2500000000000000,25.3631039531478770
2013,BRONX,204,864,3194.0000000000000000,3225.0000000000000000,18.0329024676850764
2013,BRONX,205,567,3204.0000000000000000,2923.0000000000000000,25.9732620320855615
2013,BRONX,206,1005,3267.9473684210526316,3242.6666666666666667,31.9803516028955533
2013,BRONX,207,1002,3332.8000000000000000,3310.0000000000000000,20.2532928064842958
2013,BRONX,208,733,3318.6666666666666667,2211.3333333333333333,13.6201657458563536
2013,BRONX,209,1514,3299.2978723404255319,3225.0000000000000000,23.4948875255623722
2013,BRONX,210,2083,3257.4375000000000000,2774.8000000000000000,16.0858117991223793
2013,BRONX,211,1445,3206.7241379310344828,2105.0000000000000000,18.9081920903954802
2013,BRONX,212,2609,3240.4791666666666667,1594.5000000000000000,13.1772745021475986
2013,BRONX,401,428,,,1.1565420560747664
2013,BRONX,,147,3226.0000000000000000,,5.9574468085106383
2013,BROOKLYN,301,3172,3244.6739130434782609,3242.0000000000000000,24.8944337811900192
2013,BROOKLYN,302,1715,3206.7142857142857143,3255.2500000000000000,17.8944872554831061
2013,BROOKLYN,303,3221,3225.2400000000000000,3206.4444444444444444,19.7928098391674551
2013,BROOKLYN,304,1854,3309.0909090909090909,3261.0000000000000000,21.5005458515283843
2013,BROOKLYN,305,3040,3167.7142857142857143,3225.0000000000000000,13.1190240685789647
2013,BROOKLYN,306,2049,3212.5000000000000000,,17.5922282341367437
2013,BROOKLYN,307,1520,3273.6000000000000000,2183.0000000000000000,33.6159468438538206
2013,BROOKLYN,308,1473,3203.1111111111111111,,21.5803757828810021
2013,BROOKLYN,309,1204,3252.4150943396226415,3089.0000000000000000,23.2172024326672459
2013,BROOKLYN,310,1503,3284.6666666666666667,2434.5000000000000000,22.5190380761523046
2013,BROOKLYN,311,2410,3305.1333333333333333,3244.6250000000000000,14.6851774530271399
2013,BROOKLYN,312,2784,3304.1923076923076923,3176.5000000000000000,15.5757795503988397
2013,BROOKLYN,313,1200,3330.8750000000000000,3225.0000000000000000,9.3313758389261745
2013,BROOKLYN,314,2012,3258.0000000000000000,-78.0000000000000000,14.7218045112781955
2013,BROOKLYN,315,2771,3178.5000000000000000,,7.3892302132273220
2013,BROOKLYN,316,1363,3254.2777777777777778,2089.6666666666666667,21.4717407686510927
2013,BROOKLYN,317,2748,3247.7777777777777778,,7.4841182913472070
2013,BROOKLYN,318,3307,3228.7500000000000000,3310.0000000000000000,5.0385432473444613
2013,BROOKLYN,355,4,,,5.2500000000000000
2013,BROOKLYN,356,3,,,5.3333333333333333
2013,BROOKLYN,,209,3241.7309941520467836,,5.8157894736842105
2013,MANHATTAN,101,535,3287.0000000000000000,,12.2940074906367041
2013,MANHATTAN,102,2063,3228.3846153846153846,2980.0000000000000000,27.4243902439024390
2013,MANHATTAN,103,2042,3210.1764705882352941,3024.5000000000000000,52.7524900398406375
2013,MANHATTAN,104,1481,,,12.2552329507089804
2013,MANHATTAN,105,899,3259.6666666666666667,,15.8872767857142857
2013,MANHATTAN,106,1067,3236.8333333333333333,2923.0000000000000000,13.2224316682375118
2013,MANHATTAN,107,1224,3159.3333333333333333,,11.0565110565110565
2013,MANHATTAN,108,1321,3163.0000000000000000,2923.0000000000000000,13.6009104704097117
2013,MANHATTAN,109,650,3233.8333333333333333,,15.2313664596273292
2013,MANHATTAN,110,1114,3094.0000000000000000,,15.2443845462713387
2013,MANHATTAN,111,948,3262.0000000000000000,,22.1339001062699256
2013,MANHATTAN,112,1437,3285.5000000000000000,,26.0792982456140351
2013,MANHATTAN,164,1,,,4.0000000000000000
2013,MANHATTAN,208,8,3394.0000000000000000,,28.8571428571428571
2013,MANHATTAN,,163,3234.2954545454545455,,3.8666666666666667
2013,QUEENS,401,2156,3176.1428571428571429,3142.1250000000000000,12.5564402810304450
2013,QUEENS,402,1353,3224.7027027027027027,3112.2222222222222222,16.2606382978723404
2013,QUEENS,403,2402,3291.0000000000000000,3074.3333333333333333,10.6973629133528673
2013,QUEENS,404,1318,3253.0000000000000000,3184.6000000000000000,13.4768518518518519
2013,QUEENS,405,2928,3233.2500000000000000,3174.4000000000000000,7.3223593964334705
2013,QUEENS,406,1119,3185.0000000000000000,,4.5801253357206804
2013,QUEENS,407,3685,3230.7808219178082192,3184.0000000000000000,11.8009413067552602
2013,QUEENS,408,2327,3219.4615384615384615,3113.6666666666666667,6.2852203975799481
2013,QUEENS,409,2766,3205.7692307692307692,3158.5000000000000000,9.5735561205957138
2013,QUEENS,410,2613,3167.2000000000000000,3081.5000000000000000,5.8623466257668712
2013,QUEENS,411,1700,3206.9166666666666667,3074.0000000000000000,6.8281990521327014
2013,QUEENS,412,6036,3273.1458333333333333,3236.4000000000000000,9.5709752839011356
2013,QUEENS,413,3056,3234.7500000000000000,3126.0000000000000000,6.7175622542595020
2013,QUEENS,414,1597,3332.8333333333333333,,5.2790697674418605
2013,QUEENS,480,2,,,21.0000000000000000
2013,QUEENS,481,1,,,6.0000000000000000
2013,QUEENS,482,3,,,1.6666666666666667
2013,QUEENS,484,3,,,2.6666666666666667
2013,QUEENS,,212,3247.7379679144385027,,1.6800000000000000
2013,STATEN ISLAND,501,4373,3298.1111111111111111,3037.0000000000000000,7.4580941446613088
2013,STATEN ISLAND,502,3207,3207.9090909090909091,3261.0000000000000000,6.7506257822277847
2013,STATEN ISLAND,503,3377,3179.5000000000000000,,5.3206763571640463
2013,STATEN ISLAND,595,4,,,3.7500000000000000
2013,STATEN ISLAND,,52,3231.5909090909090909,,16.5333333333333333
2013,Unspecified,,713,,,1.1570827489481066
2013,,,879,,,1.6609783845278726
2014,BRONX,201,1138,2859.5384615384615385,2737.3333333333333333,32.4494995450409463
2014,BRONX,202,624,2831.7500000000000000,2657.9090909090909091,34.2450331125827815
2014,BRONX,203,896,2803.7333333333333333,2704.5294117647058824,25.1316397228637413
2014,BRONX,204,1040,2827.1333333333333333,2730.0909090909090909,22.8772277227722772
2014,BRONX,205,760,2857.8500000000000000,2765.5000000000000000,22.4283783783783784
2014,BRONX,206,1109,2853.3783783783783784,2753.7391304347826087,24.6679104477611940
2014,BRONX,207,1278,2838.9500000000000000,2761.5185185185185185,25.9725363489499192
2014,BRONX,208,1056,2826.9677419354838710,2741.2857142857142857,16.0985365853658537
2014,BRONX,209,1952,2805.5555555555555556,2754.7777777777777778,17.6675324675324675
2014,BRONX,210,2952,2825.7333333333333333,2750.1176470588235294,17.8093771389459274
2014,BRONX,211,2136,2893.0652173913043478,2799.5294117647058824,17.6387559808612440
2014,BRONX,212,3288,2888.0312500000000000,2749.8571428571428571,13.5417690417690418
2014,BRONX,226,1,,,1.00000000000000000000
2014,BRONX,227,1,,,3.0000000000000000
2014,BRONX,228,1,,,3.0000000000000000
2014,BRONX,401,455,,,0.62197802197802197802
2014,BRONX,,264,2855.1623931623931624,2696.1428571428571429,54.3673469387755102
2014,BROOKLYN,301,4557,2816.1190476190476190,2766.0666666666666667,31.8104265402843602
2014,BROOKLYN,302,2297,2830.9473684210526316,2862.0000000000000000,18.7098214285714286
2014,BROOKLYN,303,3741,2838.4696969696969697,2700.2000000000000000,17.4944217687074830
2014,BROOKLYN,304,1905,2817.1250000000000000,2714.6666666666666667,19.2020202020202020
2014,BROOKLYN,305,3826,2837.7272727272727273,2807.0000000000000000,23.8716055892433430
2014,BROOKLYN,306,2386,2816.9743589743589744,2583.0000000000000000,15.0387729015764806
2014,BROOKLYN,307,2269,2827.9347826086956522,2707.2500000000000000,44.1097615834457940
2014,BROOKLYN,308,1798,2847.6052631578947368,2692.6666666666666667,14.3017045454545455
2014,BROOKLYN,309,1576,2913.2500000000000000,2923.0000000000000000,17.5109536082474227
2014,BROOKLYN,310,2524,2853.1666666666666667,2829.5000000000000000,24.2573471008737093
2014,BROOKLYN,311,3359,2873.4000000000000000,2733.0000000000000000,18.0532296650717703
2014,BROOKLYN,312,3743,2830.5333333333333333,2855.6000000000000000,19.9006194451925667
2014,BROOKLYN,313,1012,2832.2000000000000000,2726.0000000000000000,11.2115193644488580
2014,BROOKLYN,314,2915,2841.0000000000000000,2858.0000000000000000,12.5200831024930748
2014,BROOKLYN,315,3631,2831.0625000000000000,2831.0000000000000000,14.3056708160442600
2014,BROOKLYN,316,1363,2860.8125000000000000,2753.0000000000000000,22.7134372680029696
2014,BROOKLYN,317,3358,2838.2307692307692308,2671.6666666666666667,8.9147982062780269
2014,BROOKLYN,318,4162,2795.8571428571428571,2721.0000000000000000,7.0574267022049915
2014,BROOKLYN,355,3,,,4.3333333333333333
2014,BROOKLYN,356,2,,,6.5000000000000000
2014,BROOKLYN,,416,2836.7833333333333333,2699.0000000000000000,86.3238636363636364
2014,MANHATTAN,101,734,2854.0000000000000000,2833.8000000000000000,12.8608815426997245
2014,MANHATTAN,102,2091,2802.6500000000000000,2794.1250000000000000,20.3751846381093058
2014,MANHATTAN,103,2291,2861.6320754716981132,2811.8103448275862069,35.2842105263157895
2014,MANHATTAN,104,1923,2785.6000000000000000,2786.5000000000000000,7.7865821447437929
2014,MANHATTAN,105,982,2841.9444444444444444,2853.7500000000000000,11.2313278008298755
2014,MANHATTAN,106,1105,2833.6666666666666667,2776.0000000000000000,8.3894449499545041
2014,MANHATTAN,107,1552,2792.5714285714285714,,6.1907320349227670
2014,MANHATTAN,108,1594,2789.5416666666666667,2766.1428571428571429,13.9656050955414013
2014,MANHATTAN,109,899,2859.8888888888888889,2583.0000000000000000,16.2855504587155963
2014,MANHATTAN,110,1563,2820.5135135135135135,2716.4615384615384615,15.5117955439056356
2014,MANHATTAN,111,1071,2852.4705882352941176,2810.5000000000000000,22.1537001897533207
2014,MANHATTAN,112,1457,2772.6956521739130435,2720.1250000000000000,25.5432357043235704
2014,MANHATTAN,164,1,,,3.0000000000000000
2014,MANHATTAN,208,14,,,50.1428571428571429
2014,MANHATTAN,,313,2868.4725274725274725,2820.7500000000000000,54.3153153153153153
2014,QUEENS,401,3013,2847.7358490566037736,2801.2500000000000000,19.7320945945945946
2014,QUEENS,402,1852,2838.6862745098039216,2746.2500000000000000,24.8084397556912826
2014,QUEENS,403,2339,2808.8936170212765957,2820.4000000000000000,16.0122164048865620
2014,QUEENS,404,1714,2843.5238095238095238,2803.8666666666666667,18.4485645933014354
2014,QUEENS,405,3901,2804.9866666666666667,2833.0000000000000000,9.3810768426555149
2014,QUEENS,406,1419,2793.6666666666666667,2753.0000000000000000,9.1084939329050678
2014,QUEENS,407,4367,2909.5384615384615385,2865.8000000000000000,8.0609981515711645
2014,QUEENS,408,2708,2796.5806451612903226,,5.7840866641763168
2014,QUEENS,409,3130,2872.8500000000000000,2816.2222222222222222,13.1752411575562701
2014,QUEENS,410,2699,2854.7777777777777778,2733.0000000000000000,5.7925650557620818
2014,QUEENS,411,2048,2805.0000000000000000,2862.0000000000000000,6.2558939096267191
2014,QUEENS,412,5466,2854.4358974358974359,2753.0000000000000000,8.8651188501934771
2014,QUEENS,413,3560,2814.8285714285714286,2621.6666666666666667,9.5835460992907801
2014,QUEENS,414,1752,2869.6000000000000000,2835.5000000000000000,10.2026406429391504
2014,QUEENS,481,4,,,5.5000000000000000
2014,QUEENS,482,2,,,0.50000000000000000000
2014,QUEENS,484,2,,,3.0000000000000000
2014,QUEENS,,234,2887.2865853658536585,2826.0000000000000000,73.1857142857142857
2014,STATEN ISLAND,501,5427,2859.7894736842105263,2668.0000000000000000,6.0367973372781065
2014,STATEN ISLAND,502,3596,2859.3750000000000000,2583.0000000000000000,7.1606145251396648
2014,STATEN ISLAND,503,4026,2847.5000000000000000,,4.6047263681592040
2014,STATEN ISLAND,595,4,2813.0000000000000000,,1.3333333333333333
2014,STATEN ISLAND,,76,2854.3076923076923077,2641.0000000000000000,31.3000000000000000
2014,Unspecified,,202,,,1.0099009900990099
2014,,,325,,,1.3046153846153846
2015,BRONX,201,1000,2476.5238095238095238,2391.6250000000000000,12.8181818181818182
2015,BRONX,202,927,2442.9047619047619048,2329.7142857142857143,17.7108167770419426
2015,BRONX,203,1017,2540.7500000000000000,2583.0000000000000000,10.2734452122408687
2015,BRONX,204,1121,2459.7272727272727273,2392.8000000000000000,14.7486486486486486
2015,BRONX,205,819,2443.9285714285714286,2361.6666666666666667,15.5366459627329193
2015,BRONX,206,1163,2440.0000000000000000,2316.2500000000000000,9.0595854922279793
2015,BRONX,207,1203,2462.1333333333333333,2423.9090909090909091,13.6590909090909091
2015,BRONX,208,1013,2488.0000000000000000,2472.3333333333333333,8.1980099502487562
2015,BRONX,209,2335,2518.8750000000000000,2378.3333333333333333,8.9443725743855110
2015,BRONX,210,2394,2437.9285714285714286,2383.0000000000000000,4.8701680672268908
2015,BRONX,211,2070,2438.3076923076923077,2406.5000000000000000,7.7894992707826932
2015,BRONX,212,3546,2469.0000000000000000,2347.2222222222222222,8.2900481996030621
2015,BRONX,226,2,,,5.0000000000000000
2015,BRONX,227,2,,,22.5000000000000000
2015,BRONX,228,2,,,5.0000000000000000
2015,BRONX,401,727,,,0.50206327372764786795
2015,BRONX,,323,2479.1216216216216216,2346.0000000000000000,9.5582329317269076
2015,BROOKLYN,301,4790,2485.5609756097560976,2283.3000000000000000,18.6426718547341115
2015,BROOKLYN,302,2437,2511.7787610619469027,2377.9090909090909091,12.7444061962134251
2015,BROOKLYN,303,4477,2526.7777777777777778,2463.0000000000000000,11.7478300593878483
2015,BROOKLYN,304,2411,2476.5487804878048780,2404.2000000000000000,16.1159295835122370
2015,BROOKLYN,305,4802,2510.6896551724137931,2454.5555555555555556,16.8813237774030354
2015,BROOKLYN,306,3495,2549.1250000000000000,2383.1250000000000000,9.6170583115752829
2015,BROOKLYN,307,2626,2524.0697674418604651,2469.1739130434782609,33.7429345722028649
2015,BROOKLYN,308,2104,2458.3513513513513514,2398.1250000000000000,10.7774552491533624
2015,BROOKLYN,309,1460,2469.0769230769230769,2455.5000000000000000,7.6689702833448514
2015,BROOKLYN,310,2434,2492.5777777777777778,2561.0000000000000000,13.4106320636249477
2015,BROOKLYN,311,3130,2450.1923076923076923,2450.8571428571428571,9.3795103092783505
2015,BROOKLYN,312,3469,2477.5384615384615385,2431.3333333333333333,9.4730902777777778
2015,BROOKLYN,313,1132,2474.1428571428571429,2442.0000000000000000,8.7253333333333333
2015,BROOKLYN,314,2988,2485.4848484848484848,2391.5000000000000000,7.1820642978003384
2015,BROOKLYN,315,3774,2525.5892857142857143,2426.7500000000000000,1.2727272727272727
2015,BROOKLYN,316,1532,2482.2105263157894737,2337.5000000000000000,16.5049570389953734
2015,BROOKLYN,317,3311,2502.7407407407407407,2448.5000000000000000,4.3185140073081608
2015,BROOKLYN,318,5265,2501.9250000000000000,2376.0000000000000000,5.1169377990430622
2015,BROOKLYN,355,6,,,1.3333333333333333
2015,BROOKLYN,356,6,2362.0000000000000000,,3.4000000000000000
2015,BROOKLYN,,678,2533.4796747967479675,2398.2000000000000000,36.3587962962962963
2015,MANHATTAN,101,595,2439.4705882352941176,2358.1666666666666667,12.1038062283737024
2015,MANHATTAN,102,2135,2528.5789473684210526,2352.8750000000000000,13.0543953375424964
2015,MANHATTAN,103,2285,2481.3750000000000000,2366.7209302325581395,27.3278312700596057
2015,MANHATTAN,104,2116,2536.5277777777777778,2384.2857142857142857,8.1673189823874755
2015,MANHATTAN,105,1073,2529.0000000000000000,2449.5000000000000000,8.8833652007648184
2015,MANHATTAN,106,1161,2480.0000000000000000,2396.7142857142857143,9.0936395759717314
2015,MANHATTAN,107,1837,2531.3333333333333333,2378.6363636363636364,7.0984544934172868
2015,MANHATTAN,108,1785,2482.1489361702127660,2604.0000000000000000,5.4280782508630610
2015,MANHATTAN,109,801,2505.7600000000000000,2451.6666666666666667,19.4523195876288660
2015,MANHATTAN,110,1633,2492.8181818181818182,2416.6363636363636364,15.7833643699565487
2015,MANHATTAN,111,1195,2430.5813953488372093,2338.4210526315789474,11.9496527777777778
2015,MANHATTAN,112,1515,2504.9571428571428571,2411.1212121212121212,20.5155709342560554
2015,MANHATTAN,164,3,2382.0000000000000000,2349.0000000000000000,1.00000000000000000000
2015,MANHATTAN,208,17,,,21.7058823529411765
2015,MANHATTAN,,442,2459.7903225806451613,2369.1428571428571429,27.3815789473684211
2015,QUEENS,401,3016,2504.9604519774011299,2369.8571428571428571,16.8175413878126101
2015,QUEENS,402,1992,2533.8627450980392157,2471.5000000000000000,16.3905203503348789
2015,QUEENS,403,2141,2543.8095238095238095,2361.2500000000000000,12.2382109868740885
2015,QUEENS,404,2139,2528.0222222222222222,2419.7500000000000000,10.3347659980897803
2015,QUEENS,405,4036,2504.9553571428571429,2391.5000000000000000,-4.5865687303252886
2015,QUEENS,406,1842,2527.3250000000000000,2503.0000000000000000,5.1004540295119183
2015,QUEENS,407,5093,2503.0487804878048780,2386.3333333333333333,6.6557798891528108
2015,QUEENS,408,2962,2495.6666666666666667,2454.0000000000000000,4.7388643318599116
2015,QUEENS,409,3620,2514.5294117647058824,2416.5000000000000000,6.0666480758505298
2015,QUEENS,410,3248,2482.7500000000000000,,14.2280321782178218
2015,QUEENS,411,2282,2506.4375000000000000,2411.0000000000000000,5.4086496028243601
2015,QUEENS,412,6492,2517.6800000000000000,2454.0000000000000000,5.5625582117354859
2015,QUEENS,413,4478,2500.5925925925925926,2454.0000000000000000,5.2183778926084026
2015,QUEENS,414,1651,2483.1250000000000000,,6.0116207951070336
2015,QUEENS,481,5,2394.0000000000000000,2316.0000000000000000,19.2500000000000000
2015,QUEENS,482,4,,,1.7500000000000000
2015,QUEENS,484,1,,,3.0000000000000000
2015,QUEENS,,307,2501.8880597014925373,2384.0000000000000000,25.8901734104046243
2015,STATEN ISLAND,501,5943,2507.9375000000000000,2372.0000000000000000,4.5145942297958495
2015,STATEN ISLAND,502,3597,2581.9090909090909091,2491.5000000000000000,4.2361963190184049
2015,STATEN ISLAND,503,4768,2467.3684210526315789,2295.0000000000000000,3.1789850494841019
2015,STATEN ISLAND,595,9,,,1.8888888888888889
2015,STATEN ISLAND,,99,2508.4705882352941176,2340.0000000000000000,14.5487804878048780
2015,Unspecified,,4,,,0.50000000000000000000
2015,,,395,,,1.0379746835443038
2016,BRONX,201,1218,2137.8888888888888889,1881.0000000000000000,33.8742762613730356
2016,BRONX,202,901,2136.7368421052631579,2064.0000000000000000,22.8910776361529548
2016,BRONX,203,1062,2189.8000000000000000,,14.0113528855250710
2016,BRONX,204,1119,2074.0000000000000000,1881.0000000000000000,19.3476702508960573
2016,BRONX,205,854,2094.7500000000000000,1929.8000000000000000,29.5890736342042755
2016,BRONX,206,1434,2118.4705882352941176,1881.0000000000000000,15.5899788285109386
2016,BRONX,207,1100,2144.1428571428571429,2126.3333333333333333,20.0686184812442818
2016,BRONX,208,924,2199.0000000000000000,2232.0000000000000000,15.4291938997821351
2016,BRONX,209,2275,2062.0833333333333333,1881.0000000000000000,8.2328767123287671
2016,BRONX,210,2257,2218.0000000000000000,,8.0851818988464951
2016,BRONX,211,1977,2187.4545454545454545,2047.0000000000000000,8.2187182095625636
2016,BRONX,212,3299,2056.2000000000000000,1881.0000000000000000,7.1325630890848282
2016,BRONX,226,6,,,4.5000000000000000
2016,BRONX,227,4,,,3.0000000000000000
2016,BRONX,228,3,,,4.6666666666666667
2016,BRONX,401,957,,,0.83072100313479623824
2016,BRONX,,218,2077.0535714285714286,1881.0000000000000000,38.7283950617283951
2016,BROOKLYN,301,5133,2167.6315789473684211,2083.3333333333333333,26.8594028079889262
2016,BROOKLYN,302,2268,2122.6250000000000000,2035.0000000000000000,13.2420071047957371
2016,BROOKLYN,303,4734,2103.0000000000000000,1991.8666666666666667,11.3018908009347780
2016,BROOKLYN,304,2361,2151.2142857142857143,2051.6000000000000000,16.5104388581167448
2016,BROOKLYN,305,5068,2055.0000000000000000,1970.0000000000000000,5.8391691394658754
2016,BROOKLYN,306,4510,2090.3684210526315789,1948.1000000000000000,8.2019594745045647
2016,BROOKLYN,307,2387,2067.9310344827586207,1942.8750000000000000,26.2294317217981340
2016,BROOKLYN,308,2029,2099.8888888888888889,1987.3333333333333333,12.1658415841584158
2016,BROOKLYN,309,1430,2189.0000000000000000,2127.0000000000000000,12.2391304347826087
2016,BROOKLYN,310,2661,2105.5714285714285714,1972.3333333333333333,11.9785229841748304
2016,BROOKLYN,311,3094,2120.7000000000000000,2050.3125000000000000,10.2963565387117762
2016,BROOKLYN,312,4516,2078.2857142857142857,1988.9444444444444444,10.2545050055617353
2016,BROOKLYN,313,1145,2243.8333333333333333,2173.0000000000000000,8.3195785776997366
2016,BROOKLYN,314,2941,2128.5000000000000000,2003.0000000000000000,10.1957780047667688
2016,BROOKLYN,315,3666,2221.1666666666666667,2109.0000000000000000,9.1467213114754098
2016,BROOKLYN,316,1719,2193.5000000000000000,2070.5000000000000000,11.8417980151780502
2016,BROOKLYN,317,3775,2160.4285714285714286,2089.7500000000000000,5.0323779193205945
2016,BROOKLYN,318,6150,2106.6666666666666667,1916.8571428571428571,5.4772616136919315
2016,BROOKLYN,355,7,,,2.2857142857142857
2016,BROOKLYN,356,7,,,2.2857142857142857
2016,BROOKLYN,,243,2155.0989010989010989,1881.0000000000000000,68.6381578947368421
2016,MANHATTAN,101,538,2155.0000000000000000,2104.0000000000000000,12.4869402985074627
2016,MANHATTAN,102,2131,2108.6153846153846154,1997.7500000000000000,21.9664778092540132
2016,MANHATTAN,103,2728,2063.0400000000000000,1967.8461538461538462,53.5190529041805401
2016,MANHATTAN,104,2188,2119.0000000000000000,2039.7500000000000000,18.7279411764705882
2016,MANHATTAN,105,1256,1984.5000000000000000,1978.5000000000000000,18.4322169059011164
2016,MANHATTAN,106,991,2222.8333333333333333,2100.5000000000000000,17.2862944162436548
2016,MANHATTAN,107,1591,2100.3333333333333333,2042.0000000000000000,15.8916876574307305
2016,MANHATTAN,108,1958,2188.8333333333333333,1980.0000000000000000,21.2156762295081967
2016,MANHATTAN,109,746,,,32.9262734584450402
2016,MANHATTAN,110,1781,2061.5000000000000000,1905.7500000000000000,28.4325239977413890
2016,MANHATTAN,111,1100,2104.6666666666666667,1980.0000000000000000,33.9854147675478578
2016,MANHATTAN,112,1545,2113.8500000000000000,1959.5714285714285714,30.4236065573770492
2016,MANHATTAN,164,2,,,3.0000000000000000
2016,MANHATTAN,208,17,,,9.2941176470588235
2016,MANHATTAN,,324,2116.0250000000000000,1887.0000000000000000,51.6762295081967213
2016,QUEENS,401,3061,2073.6000000000000000,2033.2000000000000000,16.5283513602097673
2016,QUEENS,402,2127,2069.0000000000000000,1881.0000000000000000,11.5186057465850212
2016,QUEENS,403,2266,2053.1428571428571429,1881.0000000000000000,15.5639663567950421
2016,QUEENS,404,1627,2197.5000000000000000,,10.8496611213801602
2016,QUEENS,405,4200,2057.5000000000000000,1881.0000000000000000,5.4082459485224023
2016,QUEENS,406,1654,2111.3333333333333333,2156.0000000000000000,5.4209569957601454
2016,QUEENS,407,4791,2121.6666666666666667,2003.0000000000000000,6.8489223686963800
2016,QUEENS,408,2791,,,5.0462199928341096
2016,QUEENS,409,3899,2024.5000000000000000,1881.0000000000000000,6.2686682063125481
2016,QUEENS,410,5707,2016.0000000000000000,1948.0000000000000000,3.4584647739221872
2016,QUEENS,411,2163,2158.4000000000000000,,6.1844300278035218
2016,QUEENS,412,7784,1996.0000000000000000,1881.0000000000000000,4.7024421593830334
2016,QUEENS,413,4262,,,4.3676677616142656
2016,QUEENS,414,1556,2062.0000000000000000,2035.0000000000000000,6.1217783505154639
2016,QUEENS,480,1,,,1.00000000000000000000
2016,QUEENS,481,4,,,1.5000000000000000
2016,QUEENS,482,2,,,1.5000000000000000
2016,QUEENS,484,3,,,1.3333333333333333
2016,QUEENS,,580,2059.1740740740740741,1660.5000000000000000,-11.2935483870967742
2016,STATEN ISLAND,501,7236,2132.3333333333333333,,6.2637621023513140
2016,STATEN ISLAND,502,5037,2215.8571428571428571,2221.0000000000000000,5.1083499005964215
2016,STATEN ISLAND,503,6061,2002.2500000000000000,1881.0000000000000000,4.8618866677680489
2016,STATEN ISLAND,595,12,,,1.3333333333333333
2016,STATEN ISLAND,,103,2186.3750000000000000,,6.6526315789473684
2016,,,521,,,1.2687140115163148
2017,BRONX,201,1730,1786.4634146341463415,1805.6666666666666667,21.4251036116044997
2017,BRONX,202,1159,1793.2368421052631579,1807.2000000000000000,19.8019625334522748
2017,BRONX,203,1492,1738.4761904761904762,1643.0000000000000000,13.3670972127804215
2017,BRONX,204,1531,1835.0769230769230769,1845.9090909090909091,18.9825737265415550
2017,BRONX,205,1123,1859.2916666666666667,1813.1764705882352941,22.0054595086442220
2017,BRONX,206,1634,1836.4137931034482759,1804.4500000000000000,15.8180685358255452
2017,BRONX,207,1319,1838.0000000000000000,1793.1818181818181818,11.7824750192159877
2017,BRONX,208,1280,1827.2222222222222222,1787.3333333333333333,6.3296616837136113
2017,BRONX,209,2874,1718.2439024390243902,1685.2000000000000000,13.5495940698905754
2017,BRONX,210,3157,1755.6153846153846154,1830.0000000000000000,4.5791984732824427
2017,BRONX,211,2759,1785.1666666666666667,1796.8571428571428571,7.2344375682562796
2017,BRONX,212,4883,1705.2222222222222222,1702.0000000000000000,7.1514156750102585
2017,BRONX,226,8,,,5.7500000000000000
2017,BRONX,227,4,,,1.7500000000000000
2017,BRONX,228,2,,,2.5000000000000000
2017,BRONX,401,889,,,0.61417322834645669291
2017,BRONX,,689,1707.3491124260355030,,3.0480769230769231
2017,BROOKLYN,301,6546,1774.2352941176470588,1773.4705882352941176,12.1813574938574939
2017,BROOKLYN,302,3390,1784.0909090909090909,1766.1111111111111111,11.1071852731591449
2017,BROOKLYN,303,6229,1806.0322580645161290,1817.6666666666666667,11.0261374636979671
2017,BROOKLYN,304,3844,1815.5526315789473684,1821.6956521739130435,20.3039936941671046
2017,BROOKLYN,305,7426,1736.2000000000000000,1720.8695652173913043,12.7779582994855131
2017,BROOKLYN,306,7540,1758.2666666666666667,1735.7777777777777778,10.2337541528239203
2017,BROOKLYN,307,3588,1841.7352941176470588,1806.8387096774193548,26.0340461451885200
2017,BROOKLYN,308,3076,1790.8076923076923077,1768.0000000000000000,9.2498360655737705
2017,BROOKLYN,309,2216,1704.5000000000000000,1739.5000000000000000,13.0426110607434270
2017,BROOKLYN,310,8953,1774.3333333333333333,1753.4285714285714286,5.9088774597495528
2017,BROOKLYN,311,5040,1755.4736842105263158,1740.4666666666666667,15.6982672774347739
2017,BROOKLYN,312,6107,1800.2592592592592593,1814.8235294117647059,9.3453947368421053
2017,BROOKLYN,313,1616,1710.6666666666666667,1753.4285714285714286,15.8865203761755486
2017,BROOKLYN,314,3924,1728.7142857142857143,1703.3333333333333333,12.9746803069053708
2017,BROOKLYN,315,5160,1777.8275862068965517,1750.4444444444444444,12.0241668290781524
2017,BROOKLYN,316,2413,1773.6875000000000000,1783.0000000000000000,9.1322486441385065
2017,BROOKLYN,317,5209,1762.5000000000000000,1496.0000000000000000,5.1429394812680115
2017,BROOKLYN,318,8586,1819.4666666666666667,1777.2000000000000000,4.1320732703301832
2017,BROOKLYN,355,14,,,2.3571428571428571
2017,BROOKLYN,356,1,,,8.0000000000000000
2017,BROOKLYN,,1431,1703.3348416289592760,1682.0000000000000000,6.5297520661157025
2017,MANHATTAN,101,798,1783.5000000000000000,1823.3333333333333333,10.2715736040609137
2017,MANHATTAN,102,2740,1780.6842105263157895,1787.2307692307692308,155.4516721793458287
2017,MANHATTAN,103,3693,1785.4000000000000000,1753.5833333333333333,48.5449561403508772
2017,MANHATTAN,104,2845,1796.3333333333333333,1762.0000000000000000,15.6129032258064516
2017,MANHATTAN,105,1860,1732.4285714285714286,1715.6666666666666667,29.6135995682676740
2017,MANHATTAN,106,1344,1745.2727272727272727,1747.0000000000000000,9.9894973743435859
2017,MANHATTAN,107,2521,1818.5000000000000000,1843.0000000000000000,8.4898769352917825
2017,MANHATTAN,108,2269,1813.1111111111111111,1814.8000000000000000,12.2769911504424779
2017,MANHATTAN,109,1377,1797.6000000000000000,1633.7500000000000000,18.8564139941690962
2017,MANHATTAN,110,2425,1793.0000000000000000,1811.6000000000000000,13.4457332228666114
2017,MANHATTAN,111,1250,1780.0769230769230769,1714.1111111111111111,9.6540016168148747
2017,MANHATTAN,112,1835,1737.3571428571428571,1787.6666666666666667,20.3278418451400329
2017,MANHATTAN,164,2,,,3.0000000000000000
2017,MANHATTAN,208,15,,,3.3333333333333333
2017,MANHATTAN,,748,1717.4713375796178344,1720.0000000000000000,3.8730964467005076
2017,QUEENS,401,4570,1778.9200000000000000,1759.4375000000000000,14.3027502750275028
2017,QUEENS,402,2680,1716.5000000000000000,1705.3333333333333333,9.1175149700598802
2017,QUEENS,403,2634,1825.8571428571428571,1657.3333333333333333,6.3357441948991245
2017,QUEENS,404,2075,1745.5833333333333333,1725.7142857142857143,43.0499272903538536
2017,QUEENS,405,12550,1768.6111111111111111,1711.7272727272727273,4.4664857963613150
2017,QUEENS,406,2135,1603.0000000000000000,,7.1030927835051546
2017,QUEENS,407,6405,1768.0000000000000000,1795.6666666666666667,4.6683346364347146
2017,QUEENS,408,4019,1746.2000000000000000,1738.3333333333333333,6.0941704035874439
2017,QUEENS,409,5337,1679.2380952380952381,1679.1428571428571429,11.5995109104589917
2017,QUEENS,410,9705,1724.4000000000000000,1623.5000000000000000,4.5717234262125903
2017,QUEENS,411,6830,1795.5000000000000000,1819.0000000000000000,7.5820633059788980
2017,QUEENS,412,9489,1714.8055555555555556,1675.2307692307692308,8.3447582777954089
2017,QUEENS,413,5793,1755.2000000000000000,1759.0000000000000000,3.7757429163787146
2017,QUEENS,414,2228,1840.0000000000000000,1792.0000000000000000,4.1923423423423423
2017,QUEENS,480,1,,,6.0000000000000000
2017,QUEENS,481,1,,,174.0000000000000000
2017,QUEENS,482,5,,,1.2000000000000000
2017,QUEENS,484,3,1670.0000000000000000,,4.0000000000000000
2017,QUEENS,,1581,1677.4362017804154303,,0.65434083601286173633
2017,STATEN ISLAND,501,11944,1738.6666666666666667,1757.0000000000000000,5.7617092584834520
2017,STATEN ISLAND,502,8499,1793.8000000000000000,1741.0000000000000000,4.6134918766187897
2017,STATEN ISLAND,503,11698,1669.0000000000000000,1323.0000000000000000,3.4877277003335329
2017,STATEN ISLAND,595,8,,,2.7500000000000000
2017,STATEN ISLAND,,555,1772.6000000000000000,,2.0654545454545455
2017,Unspecified,,2,,,1.5000000000000000
2017,,,672,,,1.2306547619047619
2018,BRONX,201,2202,1420.9333333333333333,1405.6666666666666667,14.0672191528545120
2018,BRONX,202,1282,1442.4736842105263158,1293.0000000000000000,18.7189231987331750
2018,BRONX,203,1955,1323.5714285714285714,,15.1772282328696548
2018,BRONX,204,1801,1437.1875000000000000,1411.0000000000000000,19.9114845938375350
2018,BRONX,205,1596,1398.6538461538461538,1461.5000000000000000,28.1063694267515924
2018,BRONX,206,2011,1345.1153846153846154,1328.2500000000000000,14.8010075566750630
2018,BRONX,207,1624,1365.5454545454545455,1322.5000000000000000,13.4290142591444513
2018,BRONX,208,1874,1321.1428571428571429,1302.0000000000000000,9.7686127477236208
2018,BRONX,209,3881,1351.4333333333333333,1140.5000000000000000,9.5222020254479356
2018,BRONX,210,5397,1316.4375000000000000,1123.3000000000000000,4.7437279316112247
2018,BRONX,211,3810,1389.6800000000000000,1167.7777777777777778,7.7775429326287979
2018,BRONX,212,6966,1381.9000000000000000,1279.3333333333333333,5.1924956871765382
2018,BRONX,226,17,,,3.0588235294117647
2018,BRONX,227,3,,,63.3333333333333333
2018,BRONX,228,9,,,47.8888888888888889
2018,BRONX,401,890,,,0.73595505617977528090
2018,BRONX,,1351,1357.7514450867052023,,2.4002403846153846
2018,BROOKLYN,301,12255,1376.1909090909090909,1277.7948717948717949,15.6374639769452450
2018,BROOKLYN,302,6333,1368.5666666666666667,1211.7368421052631579,7.6958591147072822
2018,BROOKLYN,303,11567,1365.5945945945945946,1294.3913043478260870,11.5724197745013010
2018,BROOKLYN,304,7064,1346.5181818181818182,1217.7422680412371134,12.5625539257981018
2018,BROOKLYN,305,10494,1319.1714285714285714,1198.4693877551020408,9.4803338449731389
2018,BROOKLYN,306,14221,1418.3500000000000000,1269.4074074074074074,8.4860729144630139
2018,BROOKLYN,307,5692,1382.4666666666666667,1258.7307692307692308,15.0824796891557753
2018,BROOKLYN,308,5893,1391.5400000000000000,1319.2750000000000000,11.1244223857607393
2018,BROOKLYN,309,4029,1339.6666666666666667,1210.1176470588235294,11.4407630522088353
2018,BROOKLYN,310,15476,1451.3571428571428571,1373.5384615384615385,5.3908291294787220
2018,BROOKLYN,311,7880,1413.2857142857142857,1305.6500000000000000,11.1605802264919201
2018,BROOKLYN,312,9894,1374.2272727272727273,1242.5666666666666667,7.8230456852791878
2018,BROOKLYN,313,2119,1380.9090909090909091,1090.6875000000000000,9.3505007153075823
2018,BROOKLYN,314,6116,1379.2173913043478261,1248.8500000000000000,9.5601317957166392
2018,BROOKLYN,315,8116,1345.5000000000000000,1238.7428571428571429,7.2592271488729254
2018,BROOKLYN,316,4163,1350.0909090909090909,1204.2000000000000000,8.9838203332528375
2018,BROOKLYN,317,9512,1343.7115384615384615,1176.1111111111111111,9.5576109936575053
2018,BROOKLYN,318,12218,1376.1176470588235294,1212.3103448275862069,5.3481615233092580
2018,BROOKLYN,355,12,,,3.0000000000000000
2018,BROOKLYN,356,2,,,1.00000000000000000000
2018,BROOKLYN,,2704,1346.8208333333333333,,2.7585431654676259
2018,MANHATTAN,101,1593,1350.0689655172413793,1190.4090909090909091,6.5428388746803069
2018,MANHATTAN,102,4410,1342.1639344262295082,1208.2962962962962963,10.4053805472522419
2018,MANHATTAN,103,5193,1347.5250000000000000,1263.6111111111111111,30.9906121650694309
2018,MANHATTAN,104,4404,1354.1470588235294118,1246.8709677419354839,8.3144164759725400
2018,MANHATTAN,105,2473,1388.8888888888888889,1319.7200000000000000,10.8994276369582993
2018,MANHATTAN,106,2617,1298.1111111111111111,1195.0000000000000000,6.1465948441708349
2018,MANHATTAN,107,4140,1386.3333333333333333,1278.9090909090909091,5.2028668610301263
2018,MANHATTAN,108,4175,1344.9393939393939394,1241.7037037037037037,7.0507001448575567
2018,MANHATTAN,109,1935,1316.4375000000000000,1139.6250000000000000,9.2256383533090151
2018,MANHATTAN,110,3127,1354.2857142857142857,1239.3333333333333333,8.1797353985156502
2018,MANHATTAN,111,1853,1288.0000000000000000,1127.5000000000000000,7.4375343973582829
2018,MANHATTAN,112,2366,1360.7567567567567568,1221.6250000000000000,12.1777586947187634
2018,MANHATTAN,164,2,1567.0000000000000000,,3.0000000000000000
2018,MANHATTAN,208,21,,,15.7142857142857143
2018,MANHATTAN,,1119,1373.0297397769516729,,2.4082352941176471
2018,QUEENS,401,9013,1341.0581395348837209,1198.8765432098765432,8.5049848773384116
2018,QUEENS,402,3744,1328.0769230769230769,1158.8500000000000000,7.6546530392684239
2018,QUEENS,403,3849,1340.7586206896551724,1215.8518518518518519,4.8170157068062827
2018,QUEENS,404,3102,1323.8333333333333333,1155.2173913043478261,7.7047526041666667
2018,QUEENS,405,16787,1356.6071428571428571,1283.5200000000000000,4.9167014738349544
2018,QUEENS,406,3304,1391.5000000000000000,1151.0000000000000000,3.8213204118715930
2018,QUEENS,407,12702,1344.9841269841269841,1178.0212765957446809,5.9952527889864704
2018,QUEENS,408,6841,1354.5312500000000000,1212.9565217391304348,4.0920840064620355
2018,QUEENS,409,9798,1344.1000000000000000,1201.3181818181818182,5.6053549446040213
2018,QUEENS,410,14983,1289.0697674418604651,1106.7058823529411765,4.3637215528781794
2018,QUEENS,411,11772,1397.1666666666666667,866.5000000000000000,8.0611082780894102
2018,QUEENS,412,14600,1322.9375000000000000,1124.4315789473684211,5.4518221976808393
2018,QUEENS,413,13486,1334.0476190476190476,1251.8125000000000000,4.4432231711845525
2018,QUEENS,414,5279,1409.3076923076923077,1318.0000000000000000,6.1236232434485378
2018,QUEENS,480,1,,,0.00000000000000000000
2018,QUEENS,481,5,,,4.8000000000000000
2018,QUEENS,482,8,,,1.00000000000000000000
2018,QUEENS,483,1,,,4.0000000000000000
2018,QUEENS,484,4,,,45.5000000000000000
2018,QUEENS,,2558,1299.8329238329238329,1151.0000000000000000,2.3110181311018131
2018,STATEN ISLAND,501,15890,1428.4375000000000000,1238.7500000000000000,3.9514930074335391
2018,STATEN ISLAND,502,11341,1495.5200000000000000,1522.0000000000000000,3.3960763520678685
2018,STATEN ISLAND,503,16365,1484.0500000000000000,1233.0000000000000000,3.3678189048638727
2018,STATEN ISLAND,595,14,,,1.5000000000000000
2018,STATEN ISLAND,,1196,1390.0000000000000000,,2.0688497061293031
2018,Unspecified,,7,,,2.8571428571428571
2018,,,739,,,1.2706359945872801
2019,BRONX,201,1656,934.2800000000000000,712.6233766233766234,25.7583547557840617
2019,BRONX,202,1181,955.3978494623655914,744.0952380952380952,35.7343750000000000
2019,BRONX,203,1458,987.6250000000000000,763.1578947368421053,16.1753155680224404
2019,BRONX,204,1384,918.2826086956521739,670.4675324675324675,23.1811145510835913
2019,BRONX,205,1215,958.9009900990099010,833.5384615384615385,32.9039497307001795
2019,BRONX,206,1764,970.7634408602150538,837.0857142857142857,32.4805505685218432
2019,BRONX,207,1281,977.3095238095238095,874.7666666666666667,22.8926553672316384
2019,BRONX,208,1353,995.7500000000000000,644.9090909090909091,8.1595824011931394
2019,BRONX,209,2696,967.9431818181818182,751.2200000000000000,17.6798312883435583
2019,BRONX,210,3590,975.1600000000000000,637.5555555555555556,6.4474053295932679
2019,BRONX,211,2514,954.7183098591549296,708.6935483870967742,12.6639377814162914
2019,BRONX,212,5228,976.6355140186915888,838.7191011235955056,13.0402265182581527
2019,BRONX,226,17,1098.0000000000000000,49.0000000000000000,2.3750000000000000
2019,BRONX,227,3,1091.0000000000000000,49.0000000000000000,124.5000000000000000
2019,BRONX,228,6,,,0.50000000000000000000
2019,BRONX,401,918,,,0.62200435729847494553
2019,BRONX,,355,1065.0782608695652174,906.6666666666666667,111.4000000000000000
2019,BROOKLYN,301,8887,937.6532258064516129,757.7250000000000000,27.5163828537874339
2019,BROOKLYN,302,4176,988.2280701754385965,815.0937500000000000,12.1405680990531682
2019,BROOKLYN,303,8465,914.6332046332046332,708.4008620689655172,21.9281013892273946
2019,BROOKLYN,304,5230,948.3962962962962963,789.3981900452488688,31.0296370967741935
2019,BROOKLYN,305,7990,928.2362637362637363,725.3333333333333333,17.1950563524590164
2019,BROOKLYN,306,7954,954.3921568627450980,624.7666666666666667,9.7489560926230545
2019,BROOKLYN,307,4220,985.6086956521739130,821.7714285714285714,19.1621945376137997
2019,BROOKLYN,308,3985,921.4678899082568807,728.3894736842105263,14.2574819401444788
2019,BROOKLYN,309,2698,909.0674157303370787,725.7792207792207792,13.8673821387504791
2019,BROOKLYN,310,6551,950.3448275862068966,568.2222222222222222,9.8736583869978534
2019,BROOKLYN,311,5660,966.5344827586206897,728.9534883720930233,12.3912888254194930
2019,BROOKLYN,312,7482,960.4153846153846154,775.9545454545454545,8.1690710529863826
2019,BROOKLYN,313,1566,1103.3333333333333333,1053.6666666666666667,8.8189379398592450
2019,BROOKLYN,314,4936,918.9452736318407960,737.5055555555555556,20.5277719112988384
2019,BROOKLYN,315,5961,930.3076923076923077,670.4000000000000000,11.5578358208955224
2019,BROOKLYN,316,2978,931.7241379310344828,667.6956521739130435,15.1670702179176755
2019,BROOKLYN,317,6573,926.8714285714285714,689.1570247933884298,15.4808021140991761
2019,BROOKLYN,318,9431,997.7500000000000000,758.2926829268292683,10.0427213499946598
2019,BROOKLYN,355,9,1015.0000000000000000,,13.6250000000000000
2019,BROOKLYN,,468,1021.6143790849673203,823.3333333333333333,84.0000000000000000
2019,MANHATTAN,101,1265,1037.0512820512820513,793.1935483870967742,12.3523654159869494
2019,MANHATTAN,102,3214,942.7395833333333333,790.4886363636363636,25.5365618986529827
2019,MANHATTAN,103,4520,941.6460481099656357,658.1370967741935484,47.6112556159848664
2019,MANHATTAN,104,2755,953.6875000000000000,724.5396825396825397,14.2246728971962617
2019,MANHATTAN,105,1772,988.7209302325581395,783.8648648648648649,20.7715442452284558
2019,MANHATTAN,106,1876,927.5263157894736842,508.8611111111111111,10.3879216539717084
2019,MANHATTAN,107,2759,1019.0000000000000000,757.2857142857142857,10.1576265016381507
2019,MANHATTAN,108,3064,978.7727272727272727,802.9444444444444444,11.7781065088757396
2019,MANHATTAN,109,1290,1004.0370370370370370,794.5238095238095238,22.0665083135391924
2019,MANHATTAN,110,2447,932.4705882352941176,796.7142857142857143,18.1711185308848080
2019,MANHATTAN,111,1217,1046.8148148148148148,910.2272727272727273,16.3033613445378151
2019,MANHATTAN,112,2181,999.5178571428571429,793.3829787234042553,30.1383529411764706
2019,MANHATTAN,208,11,,,43.9090909090909091
2019,MANHATTAN,,346,1063.9497041420118343,,133.1250000000000000
2019,QUEENS,401,5798,917.5275590551181102,551.7899159663865546,9.3149356374537119
2019,QUEENS,402,2491,911.7297297297297297,528.8461538461538462,14.3338849813818784
2019,QUEENS,403,2995,932.1860465116279070,670.4358974358974359,18.8709349593495935
2019,QUEENS,404,2425,956.1410256410256410,722.3793103448275862,16.8432040903280784
2019,QUEENS,405,10518,1013.1000000000000000,807.0000000000000000,6.4684100019087612
2019,QUEENS,406,2431,992.6500000000000000,860.6428571428571429,8.5723766072169224
2019,QUEENS,407,7527,939.1587301587301587,688.2916666666666667,9.1086548767416935
2019,QUEENS,408,4109,958.9487179487179487,501.9565217391304348,4.8567567567567568
2019,QUEENS,409,7037,958.3013698630136986,735.3962264150943396,11.0997989661114302
2019,QUEENS,410,6987,917.7272727272727273,478.5000000000000000,5.0432844406097210
2019,QUEENS,411,4990,1009.5909090909090909,770.9000000000000000,5.9961755233494364
2019,QUEENS,412,9619,933.1447368421052632,530.1219512195121951,5.9937678250765818
2019,QUEENS,413,9055,959.8571428571428571,582.2258064516129032,4.5280150893154333
2019,QUEENS,414,3393,1046.3636363636363636,778.0000000000000000,6.0563630970038564
2019,QUEENS,481,7,1022.0000000000000000,428.5000000000000000,67.4000000000000000
2019,QUEENS,482,8,,,1.7500000000000000
2019,QUEENS,484,1,,,1.00000000000000000000
2019,QUEENS,,635,966.8374384236453202,,-3.0698689956331878
2019,STATEN ISLAND,501,11167,1035.7580645161290323,936.4000000000000000,5.6022512381809995
2019,STATEN ISLAND,502,7720,1015.5600000000000000,516.2500000000000000,3.5317738791423002
2019,STATEN ISLAND,503,11773,1039.9411764705882353,918.8000000000000000,3.1644944203083738
2019,STATEN ISLAND,595,1,,,1.00000000000000000000
2019,STATEN ISLAND,,6,1094.4000000000000000,,2.0000000000000000
2019,Unspecified,,124,940.6923076923076923,794.0000000000000000,2.0180180180180180
2019,,,1778,,,1.7362204724409449
2020,BRONX,201,801,752.5333333333333333,283.0000000000000000,15.9487179487179487
2020,BRONX,202,612,819.5666666666666667,577.1481481481481481,28.7714776632302405
2020,BRONX,203,1025,798.3243243243243243,479.7666666666666667,10.7985829959514170
2020,BRONX,204,1126,611.2500000000000000,361.8000000000000000,8.5666666666666667
2020,BRONX,205,763,639.4375000000000000,244.7500000000000000,16.1887550200803213
2020,BRONX,206,929,707.9166666666666667,624.1250000000000000,11.3118865866957470
2020,BRONX,207,911,766.2222222222222222,673.8000000000000000,17.5984162895927602
2020,BRONX,208,1078,689.8666666666666667,457.8888888888888889,9.1166509877704610
2020,BRONX,209,1537,650.9800000000000000,486.9545454545454545,11.9798251513113652
2020,BRONX,210,1760,535.2564102564102564,363.2000000000000000,5.8535735037768739
2020,BRONX,211,1245,596.5714285714285714,39.3333333333333333,9.0923202614379085
2020,BRONX,212,2500,667.3492063492063492,290.0666666666666667,9.3344275748871563
2020,BRONX,226,3,,,0.33333333333333333333
2020,BRONX,227,3,503.0000000000000000,,273.0000000000000000
2020,BRONX,401,902,,,0.78381374722838137472
2020,BRONX,,81,737.3548387096774194,326.0000000000000000,18.1600000000000000
2020,BROOKLYN,301,2867,767.2613636363636364,266.8113207547169811,41.7127461910070606
2020,BROOKLYN,302,1062,786.0434782608695652,454.4390243902439024,39.8100393700787402
2020,BROOKLYN,303,3116,809.6166666666666667,489.0686274509803922,35.2086114819759680
2020,BROOKLYN,304,1636,781.6393442622950820,344.3980582524271845,72.2562747688243065
2020,BROOKLYN,305,3710,794.3181818181818182,577.4838709677419355,15.5711111111111111
2020,BROOKLYN,306,1634,774.8780487804878049,302.5135135135135135,28.3735091023226616
2020,BROOKLYN,307,1454,782.3873873873873874,361.7889908256880734,76.4422933730454207
2020,BROOKLYN,308,1372,796.1428571428571429,474.4062500000000000,37.7382198952879581
2020,BROOKLYN,309,1064,755.6511627906976744,526.0666666666666667,29.2938295788442703
2020,BROOKLYN,310,1568,741.4482758620689655,385.8181818181818182,23.2657569850552307
2020,BROOKLYN,311,2223,764.7926829268292683,408.2083333333333333,26.1784212984586642
2020,BROOKLYN,312,3333,734.0506329113924051,338.2950819672131148,18.9038106945298095
2020,BROOKLYN,313,769,700.5882352941176471,291.6153846153846154,19.6276595744680851
2020,BROOKLYN,314,2393,757.2289156626506024,368.9687500000000000,24.3502164502164502
2020,BROOKLYN,315,2662,736.7333333333333333,407.5806451612903226,13.5166220863584257
2020,BROOKLYN,316,1167,756.0833333333333333,473.1851851851851852,17.9593280282935455
2020,BROOKLYN,317,2950,802.7142857142857143,438.8500000000000000,16.5542916235780765
2020,BROOKLYN,318,4001,731.2765957446808511,316.0769230769230769,9.8571067273646940
2020,BROOKLYN,355,9,503.0000000000000000,,3.5000000000000000
2020,BROOKLYN,356,2,,,15.5000000000000000
2020,BROOKLYN,,308,786.2755555555555556,560.0000000000000000,20.0361445783132530
2020,MANHATTAN,101,424,778.3636363636363636,144.4444444444444444,24.0373134328358209
2020,MANHATTAN,102,1090,800.7894736842105263,524.6346153846153846,30.9912875121006776
2020,MANHATTAN,103,1234,766.7525773195876289,397.8554216867469880,76.4626209322779244
2020,MANHATTAN,104,944,821.1333333333333333,548.8840579710144928,36.8676639815880322
2020,MANHATTAN,105,612,820.1643835616438356,494.4754098360655738,59.1224489795918367
2020,MANHATTAN,106,550,786.2666666666666667,420.4102564102564103,39.9504950495049505
2020,MANHATTAN,107,839,714.3750000000000000,357.5000000000000000,18.8663426488456865
2020,MANHATTAN,108,745,723.2285714285714286,62.4642857142857143,23.8661971830985915
2020,MANHATTAN,109,462,733.9130434782608696,258.3809523809523810,36.3143507972665148
2020,MANHATTAN,110,1129,793.7916666666666667,437.4285714285714286,30.3972850678733032
2020,MANHATTAN,111,668,754.9583333333333333,372.1052631578947368,34.9870967741935484
2020,MANHATTAN,112,980,730.9333333333333333,344.5454545454545455,17.8957894736842105
2020,MANHATTAN,164,4,,,3.5000000000000000
2020,MANHATTAN,208,4,815.0000000000000000,37.0000000000000000,6.6666666666666667
2020,MANHATTAN,,130,775.7857142857142857,,45.8695652173913043
2020,QUEENS,401,1649,712.9375000000000000,322.2380952380952381,22.9882498453927025
2020,QUEENS,402,1041,715.6451612903225806,224.0833333333333333,18.0603960396039604
2020,QUEENS,403,1385,717.0714285714285714,365.7142857142857143,22.5534266764922623
2020,QUEENS,404,982,702.6666666666666667,311.0476190476190476,19.4065126050420168
2020,QUEENS,405,2977,637.2500000000000000,-9.3846153846153846,14.0481392966882895
2020,QUEENS,406,797,602.0833333333333333,413.5000000000000000,11.6420382165605096
2020,QUEENS,407,2659,630.2380952380952381,260.2000000000000000,12.2556362246847535
2020,QUEENS,408,1821,557.5454545454545455,134.0000000000000000,7.6586992773763202
2020,QUEENS,409,2359,755.4827586206896552,282.7200000000000000,7.8141630901287554
2020,QUEENS,410,2538,599.8695652173913043,308.0000000000000000,6.6027833001988072
2020,QUEENS,411,1413,628.9615384615384615,314.5454545454545455,8.3561643835616438
2020,QUEENS,412,6235,613.1521739130434783,528.2000000000000000,8.9489416707060915
2020,QUEENS,413,4099,572.5000000000000000,454.2500000000000000,7.2246501350356003
2020,QUEENS,414,1353,605.4500000000000000,154.4000000000000000,8.6436609152288072
2020,QUEENS,480,3,,,1.3333333333333333
2020,QUEENS,481,7,,,19.1428571428571429
2020,QUEENS,482,1,,,0.00000000000000000000
2020,QUEENS,484,2,,,23.0000000000000000
2020,QUEENS,,101,661.3902439024390244,794.0000000000000000,22.3500000000000000
2020,STATEN ISLAND,501,5338,563.4880952380952381,330.0769230769230769,13.2164065473924629
2020,STATEN ISLAND,502,2837,552.6129032258064516,356.0000000000000000,7.6742694226657163
2020,STATEN ISLAND,503,5344,552.9122807017543860,200.0000000000000000,10.9035369774919614
2020,STATEN ISLAND,595,4,,,1.00000000000000000000
2020,STATEN ISLAND,,27,537.1666666666666667,,19.0476190476190476
2020,Unspecified,,96,836.6666666666666667,794.0000000000000000,2.9354838709677419
2020,,,4984,665.0000000000000000,,8.1065623118603251
2021,BRONX,201,1595,288.6097560975609756,21.4782608695652174,3.4433719433719434
2021,BRONX,202,1031,243.1428571428571429,94.5625000000000000,-40.1034136546184739
2021,BRONX,203,1548,280.8250000000000000,110.5000000000000000,4.2002652519893899
2021,BRONX,204,1884,266.6388888888888889,102.0689655172413793,3.2676600441501104
2021,BRONX,205,1425,207.1980198019801980,66.9855072463768116,4.5883685800604230
2021,BRONX,206,2135,194.7241379310344828,79.3488372093023256,6.0467019740009629
2021,BRONX,207,1984,216.8909090909090909,80.8500000000000000,4.0222913426645931
2021,BRONX,208,1610,297.4871794871794872,94.5263157894736842,4.0789306174411203
2021,BRONX,209,2666,249.0641025641025641,77.1764705882352941,4.0942812982998454
2021,BRONX,210,2889,337.7187500000000000,178.4827586206896552,4.2063716814159292
2021,BRONX,211,1953,240.6701030927835052,96.7428571428571429,3.7855603448275862
2021,BRONX,212,4416,243.7733333333333333,95.9736842105263158,2.8772172310527528
2021,BRONX,226,5,,,12.4000000000000000
2021,BRONX,227,2,218.0000000000000000,,2.0000000000000000
2021,BRONX,228,12,189.0000000000000000,,2.7000000000000000
2021,BRONX,401,434,,,1.4723502304147465
2021,BRONX,,167,307.5454545454545455,111.0000000000000000,7.7517241379310345
2021,BROOKLYN,301,5109,253.2065727699530516,109.3459459459459459,8.0392156862745098
2021,BROOKLYN,302,2258,249.2125000000000000,60.7313432835820896,9.9044995408631772
2021,BROOKLYN,303,6141,220.5992366412213740,72.9385964912280702,7.9518625616601463
2021,BROOKLYN,304,2822,252.4778761061946903,87.2371134020618557,6.8124769287559985
2021,BROOKLYN,305,6713,281.6071428571428571,78.9069767441860465,6.2472234900349916
2021,BROOKLYN,306,3559,254.8019801980198020,65.3150684931506849,6.0167727009832273
2021,BROOKLYN,307,2780,225.6708463949843260,51.0769230769230769,7.0751726940268184
2021,BROOKLYN,308,2650,247.4216867469879518,56.5833333333333333,7.2804830541488118
2021,BROOKLYN,309,2422,246.4789915966386555,46.1573033707865169,7.0937907077724707
2021,BROOKLYN,310,3700,241.4568965517241379,14.4086021505376344,5.9062500000000000
2021,BROOKLYN,311,4077,203.5932835820895522,49.9073170731707317,5.7180362299816225
2021,BROOKLYN,312,5880,263.3251533742331288,56.5491803278688525,6.2760188910267623
2021,BROOKLYN,313,1534,259.2280701754385965,54.1764705882352941,7.2694651320243737
2021,BROOKLYN,314,4318,304.0131578947368421,47.9743589743589744,5.4750117868929750
2021,BROOKLYN,315,4848,307.2131147540983607,43.7619047619047619,6.3901819720694033
2021,BROOKLYN,316,2313,257.4384615384615385,88.0000000000000000,4.5561154374713697
2021,BROOKLYN,317,4900,231.0335570469798658,45.2523364485981308,5.6057672069038097
2021,BROOKLYN,318,6643,294.0756302521008403,57.9062500000000000,4.7811158798283262
2021,BROOKLYN,355,16,196.0000000000000000,,9.6000000000000000
2021,BROOKLYN,356,5,,,10.6000000000000000
2021,BROOKLYN,,587,289.8872180451127820,150.0000000000000000,16.2775330396475771
2021,MANHATTAN,101,787,304.9166666666666667,38.2666666666666667,5.9567496723460026
2021,MANHATTAN,102,2153,215.3125000000000000,20.0487804878048780,7.2054320987654321
2021,MANHATTAN,103,2320,219.6577540106951872,40.5941176470588235,9.5532114392873887
2021,MANHATTAN,104,2027,271.6666666666666667,48.7714285714285714,7.8274647887323944
2021,MANHATTAN,105,1092,301.6666666666666667,84.7333333333333333,6.8888888888888889
2021,MANHATTAN,106,1238,314.0952380952380952,12.3846153846153846,6.4658997534921939
2021,MANHATTAN,107,2039,330.5909090909090909,-15.0909090909090909,8.5250371839365394
2021,MANHATTAN,108,1555,313.6428571428571429,17.5500000000000000,9.5291421087098887
2021,MANHATTAN,109,935,213.0322580645161290,58.8461538461538462,5.2986725663716814
2021,MANHATTAN,110,2592,253.3207547169811321,75.4468085106382979,8.1162510056315366
2021,MANHATTAN,111,1711,291.3181818181818182,77.5714285714285714,11.1936056838365897
2021,MANHATTAN,112,1859,332.6250000000000000,93.2857142857142857,7.3073569482288828
2021,MANHATTAN,164,11,,,6.7272727272727273
2021,MANHATTAN,208,17,,,12.3529411764705882
2021,MANHATTAN,,178,327.5789473684210526,,22.1572327044025157
2021,QUEENS,401,4460,241.5824175824175824,48.8986486486486486,3.3118279569892473
2021,QUEENS,402,2437,249.5797101449275362,24.6261682242990654,5.3183993040452371
2021,QUEENS,403,2851,249.9054054054054054,22.2377049180327869,5.1017388087310396
2021,QUEENS,404,1966,259.1837837837837838,11.4625850340136054,6.4463784390791690
2021,QUEENS,405,5032,338.7872340425531915,74.1470588235294118,4.7158768732280275
2021,QUEENS,406,1518,367.3888888888888889,-14.5555555555555556,5.0843454790823212
2021,QUEENS,407,5812,339.1746031746031746,41.2456140350877193,3.7798100597959902
2021,QUEENS,408,3305,347.2500000000000000,-5.9411764705882353,5.3197048877958807
2021,QUEENS,409,3718,205.4245283018867925,42.6363636363636364,3.4581949058693245
2021,QUEENS,410,4321,369.3214285714285714,58.3333333333333333,4.0368112543962485
2021,QUEENS,411,3226,415.4893617021276596,54.0000000000000000,7.6454860018873860
2021,QUEENS,412,8893,346.9855769230769231,20.8225806451612903,5.8161197466896949
2021,QUEENS,413,5362,346.9157894736842105,-16.0000000000000000,3.7032466299601291
2021,QUEENS,414,2607,374.6261682242990654,0.55000000000000000000,5.2668000000000000
2021,QUEENS,480,1,,,3.0000000000000000
2021,QUEENS,481,8,,,2.6250000000000000
2021,QUEENS,482,3,191.0000000000000000,,1.00000000000000000000
2021,QUEENS,484,7,,,5.7142857142857143
2021,QUEENS,,257,392.4827586206896552,111.0000000000000000,13.0614035087719298
2021,STATEN ISLAND,501,9531,384.5342465753424658,66.2878787878787879,5.7337988217324896
2021,STATEN ISLAND,502,6482,415.8385416666666667,73.5000000000000000,4.8934817170111288
2021,STATEN ISLAND,503,10822,390.1617647058823529,-8.5000000000000000,2.4202035721144613
2021,STATEN ISLAND,595,2,,,2.5000000000000000
2021,STATEN ISLAND,,55,428.3636363636363636,,13.6818181818181818
2021,Unspecified,,321,198.5000000000000000,,2.5268138801261830
2021,,,896,,,2.1205357142857143
2022,BRONX,201,657,40.0000000000000000,-23.1481481481481481,2.3198707592891761
2022,BRONX,202,437,48.0136986301369863,-29.1967213114754098,2.2747252747252747
2022,BRONX,203,619,50.8421052631578947,-30.6250000000000000,2.5506445672191529
2022,BRONX,204,837,56.6060606060606061,-26.5882352941176471,2.2166018158236057
2022,BRONX,205,656,63.3770491803278689,-27.9780219780219780,2.4250936329588015
2022,BRONX,206,744,56.8048780487804878,-39.7115384615384615,2.6782477341389728
2022,BRONX,207,784,55.8529411764705882,-20.9767441860465116,2.2988826815642458
2022,BRONX,208,748,43.3666666666666667,22.4444444444444444,2.5933147632311978
2022,BRONX,209,838,43.0727272727272727,-35.6875000000000000,2.5006385696040868
2022,BRONX,210,872,31.2586206896551724,-2.5000000000000000,2.7358722358722359
2022,BRONX,211,777,48.5806451612903226,11.6296296296296296,2.5720279720279720
2022,BRONX,212,1759,44.8974358974358974,8.5625000000000000,2.0862581796549673
2022,BRONX,226,8,,,2.7500000000000000
2022,BRONX,227,3,118.0000000000000000,,1.00000000000000000000
2022,BRONX,,116,28.8571428571428571,14.0000000000000000,3.3669724770642202
2022,BROOKLYN,301,2850,61.6643768400392542,-22.4492385786802030,9.3211359912616057
2022,BROOKLYN,302,1207,39.3856502242152466,-28.9512195121951220,14.5020325203252033
2022,BROOKLYN,303,2352,74.2538593481989708,-31.3491735537190083,6.7427925381571509
2022,BROOKLYN,304,1885,70.6502636203866432,-28.0998003992015968,6.5965045592705167
2022,BROOKLYN,305,2867,55.2672672672672673,-27.9886792452830189,4.3502953203089505
2022,BROOKLYN,306,1284,60.8465909090909091,-30.4621848739495798,4.3682310469314079
2022,BROOKLYN,307,1279,81.7438423645320197,-26.8586206896551724,3.5853379152348225
2022,BROOKLYN,308,1249,47.5371179039301310,-31.0454545454545455,7.9558823529411765
2022,BROOKLYN,309,1050,51.0680272108843537,-30.2020202020202020,5.0764119601328904
2022,BROOKLYN,310,1073,66.1677419354838710,-33.4375000000000000,5.3322440087145969
2022,BROOKLYN,311,1588,67.7238805970149254,-24.7333333333333333,6.5409090909090909
2022,BROOKLYN,312,2201,42.4241071428571429,-21.7428571428571429,5.5806777946383409
2022,BROOKLYN,313,601,40.7565217391304348,-15.1882352941176471,5.4197530864197531
2022,BROOKLYN,314,1445,57.5666666666666667,-31.9605263157894737,4.8955465587044534
2022,BROOKLYN,315,1648,29.7953216374269006,-12.3333333333333333,4.6533513879485443
2022,BROOKLYN,316,849,53.6850393700787402,-24.8223684210526316,4.1159663865546218
2022,BROOKLYN,317,1706,54.1933534743202417,-41.0348258706467662,4.7003636363636364
2022,BROOKLYN,318,2025,36.0817610062893082,-11.3896103896103896,3.2770632368703108
2022,BROOKLYN,355,12,68.3333333333333333,,7.3333333333333333
2022,BROOKLYN,,467,63.8604651162790698,-60.6118421052631579,7.1428571428571429
2022,MANHATTAN,101,290,27.5714285714285714,-14.5714285714285714,4.2519083969465649
2022,MANHATTAN,102,922,36.7437500000000000,-10.7362637362637363,6.3293963254593176
2022,MANHATTAN,103,1038,77.1326164874551971,8.3172043010752688,4.4123847167325428
2022,MANHATTAN,104,929,42.1542288557213930,-12.3594771241830065,5.8969780219780220
2022,MANHATTAN,105,507,53.0970873786407767,-25.4146341463414634,4.5891089108910891
2022,MANHATTAN,106,621,49.9171597633136095,-53.1654676258992806,4.7455752212389381
2022,MANHATTAN,107,929,22.5081967213114754,-12.1875000000000000,7.2165898617511521
2022,MANHATTAN,108,751,44.4375000000000000,-54.0666666666666667,5.1296572280178838
2022,MANHATTAN,109,460,30.1176470588235294,-31.8181818181818182,3.3239436619718310
2022,MANHATTAN,110,1048,56.1851851851851852,-9.0769230769230769,5.6627659574468085
2022,MANHATTAN,111,621,49.7608695652173913,-53.2173913043478261,3.5826086956521739
2022,MANHATTAN,112,751,41.4733333333333333,-20.8292682926829268,6.7803660565723794
2022,MANHATTAN,164,2,,,3.0000000000000000
2022,MANHATTAN,208,11,,,2.4545454545454545
2022,MANHATTAN,,125,52.1363636363636364,-9.7500000000000000,8.3106796116504854
2022,QUEENS,401,1687,53.2735849056603774,-4.4893617021276596,3.2226438962681847
2022,QUEENS,402,963,64.9629629629629630,8.2040816326530612,2.6746031746031746
2022,QUEENS,403,985,32.1739130434782609,-18.6111111111111111,3.8871139510117146
2022,QUEENS,404,629,33.7794117647058824,-25.7741935483870968,3.3493761140819964
2022,QUEENS,405,1725,34.1803278688524590,-20.1428571428571429,3.0594951923076923
2022,QUEENS,406,630,53.6111111111111111,-16.6000000000000000,2.7614379084967320
2022,QUEENS,407,1633,38.5661764705882353,-7.2448979591836735,3.3420173680694723
2022,QUEENS,408,1216,20.4725274725274725,-15.1428571428571429,3.9413333333333333
2022,QUEENS,409,1738,39.1778741865509761,-10.5560975609756098,3.0978856695379796
2022,QUEENS,410,1701,26.7500000000000000,11.5000000000000000,2.7290705339485827
2022,QUEENS,411,923,11.4375000000000000,-28.0000000000000000,4.2738496071829405
2022,QUEENS,412,3322,29.8888888888888889,0.58762886597938144330,3.3080372542255950
2022,QUEENS,413,1792,33.2290076335877863,-9.2142857142857143,2.4605659241420831
2022,QUEENS,414,961,29.9012345679012346,,4.0988636363636364
2022,QUEENS,480,2,,,2.0000000000000000
2022,QUEENS,482,3,8.0000000000000000,,5.5000000000000000
2022,QUEENS,484,3,,,6.0000000000000000
2022,QUEENS,,247,38.1750000000000000,18.0909090909090909,3.6376811594202899
2022,STATEN ISLAND,501,2216,40.5384615384615385,-5.8750000000000000,3.8230588235294118
2022,STATEN ISLAND,502,1722,29.1964285714285714,-30.0000000000000000,3.2503001200480192
2022,STATEN ISLAND,503,2996,47.2675159235668790,19.8333333333333333,3.7213807678760127
2022,STATEN ISLAND,595,10,,,4.3000000000000000
2022,STATEN ISLAND,,72,39.2500000000000000,,4.1323529411764706
2022,Unspecified,,59,49.2500000000000000,,1.3818181818181818
