,ID,DateRun,AvgAge,HEX_OID
0,304368,12/11/2016,39.355,1
1,304369,12/11/2016,13.26,2
2,304370,12/11/2016,53.176,3
3,304371,12/11/2016,74.12,4
4,304372,12/11/2016,59.35428571,6
5,304373,12/11/2016,40.12,8
6,304374,12/11/2016,2.72,9
7,304375,12/11/2016,2.04,12
8,304376,12/11/2016,14.96,13
9,304377,12/11/2016,78.2,15
10,304378,12/11/2016,66.3,18
11,304379,12/11/2016,27.88,19
12,304380,12/11/2016,59.84,20
13,304381,12/11/2016,29.24,22
14,304382,12/11/2016,32.41333333,23
15,304383,12/11/2016,13.94,24
16,304384,12/11/2016,3.4,26
17,304385,12/11/2016,24.48,27
18,304386,12/11/2016,59.16,28
19,304387,12/11/2016,46.75,29
20,304388,12/11/2016,34.544,30
21,304389,12/11/2016,19.81714286,32
22,304390,12/11/2016,43.52,33
23,304391,12/11/2016,19.72,41
24,304392,12/11/2016,38.08,42
25,304393,12/11/2016,1.36,43
26,304394,12/11/2016,51.68,44
27,304395,12/11/2016,38.08,46
28,304396,12/11/2016,34.0,51
29,304397,12/11/2016,29.24,52
30,304398,12/11/2016,31.824,58
31,304399,12/11/2016,55.08,59
32,304400,12/11/2016,15.3,60
33,304401,12/11/2016,6.97,62
34,304402,12/11/2016,1.586666667,63
35,304403,12/11/2016,24.63692308,69
36,304404,12/11/2016,30.6,70
37,304405,12/11/2016,9.52,71
38,304406,12/11/2016,17.22666667,74
39,304407,12/11/2016,25.16,75
40,304408,12/11/2016,83.18666667,83
41,304409,12/11/2016,7.14,86
42,304410,12/11/2016,3.4,87
43,304411,12/11/2016,36.72,90
44,304412,12/11/2016,17.0,95
45,304413,12/11/2016,24.48,96
46,304414,12/11/2016,58.48,97
47,304415,12/11/2016,27.2,98
48,304416,12/11/2016,59.5,102
49,304417,12/11/2016,4.505,103
50,304418,12/11/2016,0.68,106
51,304419,12/11/2016,55.08,107
52,304420,12/11/2016,11.39,108
53,304421,12/11/2016,31.28,109
54,304422,12/11/2016,12.24,111
55,304423,12/11/2016,15.47,112
56,304424,12/11/2016,7.253333333,114
57,304425,12/11/2016,15.64,116
58,304426,12/11/2016,23.8,117
59,304427,12/11/2016,58.70666667,119
60,304428,12/11/2016,124.44,124
61,304429,12/11/2016,74.8,125
62,304430,12/11/2016,66.99789474,126
63,304431,12/11/2016,17.0,127
64,304432,12/11/2016,27.88,128
65,304433,12/11/2016,48.11,129
66,304434,12/11/2016,53.89,130
67,304435,12/11/2016,45.31272727,131
68,304436,12/11/2016,29.46666667,132
69,304437,12/11/2016,83.64,133
70,304438,12/11/2016,16.864,135
71,304439,12/11/2016,9.18,136
72,304440,12/11/2016,40.97,137
73,304441,12/11/2016,55.76,139
74,304442,12/11/2016,6.8,140
75,304443,12/11/2016,33.63384615,141
76,304444,12/11/2016,31.552,142
77,304445,12/11/2016,59.16,143
78,304446,12/11/2016,57.21714286,146
79,304447,12/11/2016,78.2,149
80,304448,12/11/2016,34.34,151
81,304449,12/11/2016,40.8,152
82,304450,12/11/2016,27.2,153
83,304451,12/11/2016,37.62666667,154
84,304452,12/11/2016,49.368,155
85,304453,12/11/2016,21.08,156
86,304454,12/11/2016,49.64,158
87,304455,12/11/2016,38.93,159
88,304456,12/11/2016,32.64,160
89,304457,12/11/2016,33.32,163
90,304458,12/11/2016,25.27333333,164
91,304459,12/11/2016,41.02666667,165
92,304460,12/11/2016,43.35,166
93,304461,12/11/2016,7.253333333,167
94,304462,12/11/2016,53.72,168
95,304463,12/11/2016,34.79333333,169
96,304464,12/11/2016,3.4,170
97,304465,12/11/2016,51.58285714,171
98,304466,12/11/2016,28.78666667,172
99,304467,12/11/2016,17.68,173
100,304468,12/11/2016,15.13,178
101,304469,12/11/2016,8.16,180
102,304470,12/11/2016,36.72,181
103,304471,12/11/2016,33.49,182
104,304472,12/11/2016,49.41333333,183
105,304473,12/11/2016,60.52,185
106,304474,12/11/2016,0.68,187
107,304475,12/11/2016,25.84,189
108,304476,12/11/2016,1.133333333,191
109,304477,12/11/2016,46.76888889,192
110,304478,12/11/2016,35.18105263,193
111,304479,12/11/2016,19.38,194
112,304480,12/11/2016,69.36,197
113,304481,12/11/2016,37.62666667,198
114,304482,12/11/2016,34.68,210
115,304483,12/11/2016,73.89333333,211
116,304484,12/11/2016,35.7,212
117,304485,12/11/2016,45.016,213
118,304486,12/11/2016,35.87,214
119,304487,12/11/2016,47.14666667,215
120,304488,12/11/2016,1.36,216
121,304489,12/11/2016,45.56,217
122,304490,12/11/2016,36.72,229
123,304491,12/11/2016,39.73142857,230
124,304492,12/11/2016,60.86,231
125,304493,12/11/2016,76.84,236
126,304494,12/11/2016,68.68,238
127,304495,12/11/2016,29.58,240
128,304496,12/11/2016,34.0,244
129,304497,12/11/2016,36.42857143,245
130,304498,12/11/2016,13.6,258
131,304499,12/11/2016,31.15047619,268
132,304500,12/11/2016,2.72,275
133,304501,12/11/2016,1.36,279
134,304502,12/11/2016,36.72,284
135,304503,12/11/2016,4.76,293
136,304504,12/11/2016,5.44,295
137,304505,12/11/2016,5.44,309
138,304506,12/11/2016,16.32,326
139,304507,12/11/2016,13.14666667,335
140,304508,12/11/2016,31.50666667,342
141,304509,12/11/2016,15.98,343
142,304510,12/11/2016,97.92,350
143,304511,12/11/2016,68.0,352
144,304512,12/11/2016,59.024,353
145,304513,12/11/2016,59.5,356
146,304514,12/11/2016,73.44,371
147,304515,12/11/2016,4.42,373
148,304516,12/11/2016,2.72,374
149,304517,12/11/2016,89.42,375
150,304518,12/11/2016,37.74,376
151,304519,12/11/2016,27.2,377
152,304520,12/11/2016,42.67,378
153,304521,12/11/2016,17.68,380
154,304522,12/11/2016,19.04,381
155,304523,12/11/2016,19.04,393
156,304524,12/11/2016,63.24,395
157,304525,12/11/2016,64.26,401
158,304526,12/11/2016,48.76571429,402
159,304527,12/11/2016,9.52,403
160,304528,12/11/2016,12.24,415
161,304529,12/11/2016,10.2,416
162,304530,12/11/2016,47.26,425
163,304531,12/11/2016,64.82666667,426
164,304532,12/11/2016,54.57,427
165,304533,12/11/2016,42.84,428
166,304534,12/11/2016,19.38,429
167,304535,12/11/2016,26.52,430
168,304536,12/11/2016,50.32,431
169,304537,12/11/2016,45.832,432
170,304538,12/11/2016,35.20888889,433
171,304539,12/11/2016,91.12,434
172,304540,12/11/2016,71.4,440
173,304541,12/11/2016,65.62,450
174,304542,12/11/2016,9.18,451
175,304543,12/11/2016,77.792,452
176,304544,12/11/2016,34.425,453
177,304545,12/11/2016,50.37666667,454
178,304546,12/11/2016,46.92,455
179,304547,12/11/2016,32.64,457
180,304548,12/11/2016,21.08,460
181,304549,12/11/2016,14.73333333,465
182,304550,12/11/2016,30.6,469
183,304551,12/11/2016,47.79428571,471
184,304552,12/11/2016,51.68,473
185,304553,12/11/2016,55.896,474
186,304554,12/11/2016,29.92,475
187,304555,12/11/2016,34.85,476
188,304556,12/11/2016,53.89,477
189,304557,12/11/2016,64.26,478
190,304558,12/11/2016,31.28,491
191,304559,12/11/2016,16.77333333,493
192,304560,12/11/2016,52.36,494
193,304561,12/11/2016,32.13,495
194,304562,12/11/2016,45.832,496
195,304563,12/11/2016,2.72,497
196,304564,12/11/2016,14.28,499
197,304565,12/11/2016,1.36,505
198,304566,12/11/2016,41.2675,510
199,304567,12/11/2016,42.33,511
200,304568,12/11/2016,35.53,512
201,304569,12/11/2016,65.39333333,513
202,304570,12/11/2016,36.66769231,514
203,304571,12/11/2016,55.76,515
204,304572,12/11/2016,21.53333333,516
205,304573,12/11/2016,57.12,517
206,304574,12/11/2016,55.488,519
207,304575,12/11/2016,49.18666667,520
208,304576,12/11/2016,40.8,536
209,304577,12/11/2016,64.26,539
210,304578,12/11/2016,23.8,541
211,304579,12/11/2016,63.24,542
212,304580,12/11/2016,35.41666667,546
213,304581,12/11/2016,30.736,547
214,304582,12/11/2016,14.79,549
215,304583,12/11/2016,31.84666667,550
216,304584,12/11/2016,12.24,551
217,304585,12/11/2016,32.41333333,552
218,304586,12/11/2016,6.8,554
219,304587,12/11/2016,37.4,555
220,304588,12/11/2016,60.52,556
221,304589,12/11/2016,27.2,557
222,304590,12/11/2016,15.912,558
223,304591,12/11/2016,8.16,559
224,304592,12/11/2016,15.64,560
225,304593,12/11/2016,62.22,566
226,304594,12/11/2016,31.28,567
227,304595,12/11/2016,92.48,568
228,304596,12/11/2016,41.85090909,570
229,304597,12/11/2016,45.22,572
230,304598,12/11/2016,57.57333333,574
231,304599,12/11/2016,20.57,576
232,304600,12/11/2016,45.56,577
233,304601,12/11/2016,4.42,581
234,304602,12/11/2016,0.68,582
235,304603,12/11/2016,25.364,583
236,304604,12/11/2016,42.67,584
237,304605,12/11/2016,41.02666667,585
238,304606,12/11/2016,27.88,586
239,304607,12/11/2016,54.06,587
240,304608,12/11/2016,54.4,588
241,304609,12/11/2016,83.776,589
242,304610,12/11/2016,35.36,590
243,304611,12/11/2016,17.0,591
244,304612,12/11/2016,50.15,592
245,304613,12/11/2016,30.71333333,593
246,304614,12/11/2016,29.46666667,594
247,304615,12/11/2016,36.81714286,595
248,304616,12/11/2016,23.8,596
249,304617,12/11/2016,51.0,597
250,304618,12/11/2016,35.02,598
251,304619,12/11/2016,51.0,599
252,304620,12/11/2016,53.72,600
253,304621,12/11/2016,82.96,603
254,304622,12/11/2016,72.08,604
255,304623,12/11/2016,10.88,605
256,304624,12/11/2016,146.2,607
257,304625,12/11/2016,67.49,609
258,304626,12/11/2016,36.40615385,610
259,304627,12/11/2016,91.12,611
260,304628,12/11/2016,55.42,614
261,304629,12/11/2016,35.632,615
262,304630,12/11/2016,0.68,616
263,304631,12/11/2016,7.14,617
264,304632,12/11/2016,18.7,622
265,304633,12/11/2016,49.13,624
266,304634,12/11/2016,22.66666667,625
267,304635,12/11/2016,34.68,626
268,304636,12/11/2016,37.145,627
269,304637,12/11/2016,28.25777778,628
270,304638,12/11/2016,11.832,629
271,304639,12/11/2016,35.36,633
272,304640,12/11/2016,60.18,634
273,304641,12/11/2016,41.70666667,635
274,304642,12/11/2016,60.01,636
275,304643,12/11/2016,61.88,637
276,304644,12/11/2016,48.45,638
277,304645,12/11/2016,40.46,639
278,304646,12/11/2016,40.34666667,640
279,304647,12/11/2016,23.8,641
280,304648,12/11/2016,61.2,642
281,304649,12/11/2016,34.0,644
282,304650,12/11/2016,58.48,645
283,304651,12/11/2016,39.95,646
284,304652,12/11/2016,45.9,647
285,304653,12/11/2016,53.52571429,648
286,304654,12/11/2016,40.46,649
287,304655,12/11/2016,85.0,650
288,304656,12/11/2016,66.64,651
289,304657,12/11/2016,29.92,652
290,304658,12/11/2016,52.088,653
291,304659,12/11/2016,20.74,658
292,304660,12/11/2016,68.71238095,659
293,304661,12/11/2016,34.68,660
294,304662,12/11/2016,23.68666667,661
295,304663,12/11/2016,39.27,662
296,304664,12/11/2016,43.97333333,665
297,304665,12/11/2016,30.464,667
298,304666,12/11/2016,12.92,669
299,304667,12/11/2016,74.8,670
300,304668,12/11/2016,26.52,674
301,304669,12/11/2016,47.22909091,675
302,304670,12/11/2016,50.92444444,676
303,304671,12/11/2016,57.57333333,678
304,304672,12/11/2016,55.76,680
305,304673,12/11/2016,5.44,682
306,304674,12/11/2016,29.24,683
307,304675,12/11/2016,40.02285714,684
308,304676,12/11/2016,46.42545455,686
309,304677,12/11/2016,4.352,688
310,304678,12/11/2016,6.233333333,689
311,304679,12/11/2016,36.38,690
312,304680,12/11/2016,18.36,691
313,304681,12/11/2016,40.8,693
314,304682,12/11/2016,31.66857143,699
315,304683,12/11/2016,20.06,700
316,304684,12/11/2016,13.6,702
317,304685,12/11/2016,26.97333333,705
318,304686,12/11/2016,21.76,707
319,304687,12/11/2016,4.08,708
320,304688,12/11/2016,77.52,709
321,304689,12/11/2016,4.76,710
322,304690,12/11/2016,39.44,711
323,304691,12/11/2016,63.58,712
324,304692,12/11/2016,74.8,713
325,304693,12/11/2016,48.96,714
326,304694,12/11/2016,31.62,720
327,304695,12/11/2016,39.78,721
328,304696,12/11/2016,33.15,722
329,304697,12/11/2016,14.552,723
330,304698,12/11/2016,48.79,725
331,304699,12/11/2016,34.68,726
332,304700,12/11/2016,18.36,728
333,304701,12/11/2016,9.248,730
334,304702,12/11/2016,36.15333333,731
335,304703,12/11/2016,5.44,732
336,304704,12/11/2016,6.12,737
337,304705,12/11/2016,32.64,738
338,304706,12/11/2016,31.11,739
339,304707,12/11/2016,40.8,740
340,304708,12/11/2016,52.36,741
341,304709,12/11/2016,15.64,742
342,304710,12/11/2016,38.53333333,744
343,304711,12/11/2016,4.76,745
344,304712,12/11/2016,6.46,746
345,304713,12/11/2016,24.14,747
346,304714,12/11/2016,62.56,748
347,304715,12/11/2016,12.24,755
348,304716,12/11/2016,6.12,757
349,304717,12/11/2016,22.168,758
350,304718,12/11/2016,35.36,759
351,304719,12/11/2016,34.17,760
352,304720,12/11/2016,3.4,761
353,304721,12/11/2016,25.84,762
354,304722,12/11/2016,16.32,763
355,304723,12/11/2016,12.92,765
356,304724,12/11/2016,11.73,767
357,304725,12/11/2016,26.86,769
358,304726,12/11/2016,20.4,772
359,304727,12/11/2016,41.905,773
360,304728,12/11/2016,50.184,774
361,304729,12/11/2016,79.9,776
362,304730,12/11/2016,18.36,777
363,304731,12/11/2016,57.46,780
364,304732,12/11/2016,36.55,781
365,304733,12/11/2016,32.64,782
366,304734,12/11/2016,172.04,783
367,304735,12/11/2016,51.0,784
368,304736,12/11/2016,56.44,785
369,304737,12/11/2016,27.2,786
370,304738,12/11/2016,54.06,788
371,304739,12/11/2016,63.92,791
372,304740,12/11/2016,1.36,796
373,304741,12/11/2016,27.336,797
374,304742,12/11/2016,27.54,800
375,304743,12/11/2016,20.23,802
376,304744,12/11/2016,20.825,811
377,304745,12/11/2016,21.08,812
378,304746,12/11/2016,75.48,815
379,304747,12/11/2016,52.02,816
380,304748,12/11/2016,35.13333333,817
381,304749,12/11/2016,2.04,824
382,304750,12/11/2016,19.26666667,825
383,304751,12/11/2016,16.32,826
384,304752,12/11/2016,18.53,827
385,304753,12/11/2016,40.12,840
386,304754,12/11/2016,21.98666667,842
387,304755,12/11/2016,26.52,844
388,304756,12/11/2016,22.44,845
389,304757,12/11/2016,24.36666667,849
390,304758,12/11/2016,10.2,850
391,304759,12/11/2016,13.6,851
392,304760,12/11/2016,51.68,853
393,304761,12/11/2016,41.48,854
394,304762,12/11/2016,3.06,855
395,304763,12/11/2016,18.36,856
396,304764,12/11/2016,27.2,857
397,304765,12/11/2016,20.4,858
398,304766,12/11/2016,33.864,859
399,304767,12/11/2016,19.04,861
400,304768,12/11/2016,31.008,863
401,304769,12/11/2016,36.49333333,865
402,304770,12/11/2016,29.58,866
403,304771,12/11/2016,54.4,868
404,304772,12/11/2016,41.752,869
405,304773,12/11/2016,37.264,870
406,304774,12/11/2016,28.424,871
407,304775,12/11/2016,30.6,872
408,304776,12/11/2016,24.14,873
409,304777,12/11/2016,30.056,875
410,304778,12/11/2016,12.92,878
411,304779,12/11/2016,2.04,879
412,304780,12/11/2016,14.73333333,882
413,304781,12/11/2016,29.92,883
414,304782,12/11/2016,17.77714286,884
415,304783,12/11/2016,60.52,887
416,304784,12/11/2016,20.145,888
417,304785,12/11/2016,31.28,889
418,304786,12/11/2016,28.10666667,898
419,304787,12/11/2016,21.42,900
420,304788,12/11/2016,22.78,901
421,304789,12/11/2016,9.52,904
422,304790,12/11/2016,19.13714286,906
423,304791,12/11/2016,10.88,907
424,304792,12/11/2016,40.46,909
425,304793,12/11/2016,22.61,919
426,304794,12/11/2016,56.44,920
427,304795,12/11/2016,54.4,921
428,304796,12/11/2016,48.28,927
429,304797,12/11/2016,12.92,929
430,304798,12/11/2016,8.16,931
431,304799,12/11/2016,4.08,933
432,304800,12/11/2016,0.68,941
433,304801,12/11/2016,1.36,947
434,304802,12/11/2016,7.48,953
435,304803,12/11/2016,15.64,956
436,304804,12/11/2016,2.04,957
437,304805,12/11/2016,1.36,958
438,304806,12/11/2016,18.7,960
439,304807,12/11/2016,7.48,977
440,304808,12/11/2016,10.88,987
441,304809,12/11/2016,15.64,1014
442,304810,12/11/2016,6.8,1026
443,304811,12/11/2016,17.0,1053
444,304812,12/11/2016,4.08,1054
445,304813,12/11/2016,5.44,1057
446,304814,12/11/2016,3.4,1059
447,304815,12/11/2016,23.12,1081
448,304816,12/11/2016,10.2,1088
449,304817,12/11/2016,34.68,1091
450,304818,12/11/2016,3.022222222,1106
451,304819,12/11/2016,15.64,1130
452,304820,12/11/2016,2.04,1152
453,304821,12/11/2016,20.06,1166
454,304822,12/11/2016,6.12,1172
455,304823,12/11/2016,19.72,1210
456,304824,12/11/2016,5.44,1219
457,304825,12/11/2016,31.28,1226
458,304826,12/11/2016,2.72,1230
459,304827,12/11/2016,2.38,1231
460,304828,12/11/2016,6.8,1232
461,304829,12/11/2016,21.76,1235
462,304830,12/11/2016,23.12,1244
463,304831,12/11/2016,84.32,1249
464,304832,12/11/2016,14.28,1250
465,304833,12/11/2016,58.48,1261
466,304834,12/11/2016,52.36,1263
467,304835,12/11/2016,52.02,1264
468,304836,12/11/2016,87.72,1265
469,304837,12/11/2016,11.56,1266
470,304838,12/11/2016,49.64,1268
471,304839,12/11/2016,17.0,1270
472,304840,12/11/2016,27.2,1277
473,304841,12/11/2016,17.0,1279
474,304842,12/11/2016,23.27692308,1281
475,304843,12/11/2016,41.344,1284
476,304844,12/11/2016,41.616,1288
477,304845,12/11/2016,53.55,1289
478,304846,12/11/2016,21.19333333,1292
479,304847,12/11/2016,2.04,1293
480,304848,12/11/2016,67.66,1296
481,304849,12/11/2016,2.72,1305
482,304850,12/11/2016,4.76,1306
483,304851,12/11/2016,4.08,1311
484,304852,12/11/2016,5.44,1321
485,304853,12/11/2016,2.72,1329
486,304854,12/11/2016,38.76,1360
487,304855,12/11/2016,4.08,1368
488,304856,12/11/2016,2.72,1382
489,304857,12/11/2016,41.48,1392
490,304858,12/11/2016,8.33,1399
491,304859,12/11/2016,6.8,1400
492,304860,12/11/2016,41.82,1401
493,304861,12/11/2016,54.4,1404
494,304862,12/11/2016,7.48,1405
495,304863,12/11/2016,57.57333333,1406
496,304864,12/11/2016,62.424,1407
497,304865,12/11/2016,49.86666667,1408
498,304866,12/11/2016,9.52,1409
499,304867,12/11/2016,27.88,1411
500,304868,12/11/2016,34.544,1412
501,304869,12/11/2016,60.112,1413
502,304870,12/11/2016,82.96,1414
503,304871,12/11/2016,12.92,1415
504,304872,12/11/2016,36.04,1416
505,304873,12/11/2016,39.1,1417
506,304874,12/11/2016,80.24,1438
507,304875,12/11/2016,63.92,1439
508,304876,12/11/2016,30.736,1442
509,304877,12/11/2016,19.94666667,1445
510,304878,12/11/2016,73.97428571,1447
511,304879,12/11/2016,75.48,1451
512,304880,12/11/2016,2.72,1452
513,304881,12/11/2016,40.8,1453
514,304882,12/11/2016,41.48,1457
515,304883,12/11/2016,17.0,1463
516,304884,12/11/2016,35.36,1465
517,304885,12/11/2016,57.46,1469
518,304886,12/11/2016,51.68,1494
519,304887,12/11/2016,54.128,1496
520,304888,12/11/2016,54.74,1497
521,304889,12/11/2016,15.64,1498
522,304890,12/11/2016,50.32,1501
523,304891,12/11/2016,52.36,1502
524,304892,12/11/2016,6.8,1503
525,304893,12/11/2016,38.59,1504
526,304894,12/11/2016,31.96,1505
527,304895,12/11/2016,109.48,1506
528,304896,12/11/2016,23.12,1507
529,304897,12/11/2016,39.1,1508
530,304898,12/11/2016,11.73,1509
531,304899,12/11/2016,46.01333333,1510
532,304900,12/11/2016,65.28,1511
533,304901,12/11/2016,49.47,1512
534,304902,12/11/2016,45.56,1513
535,304903,12/11/2016,50.77333333,1514
536,304904,12/11/2016,30.82666667,1516
537,304905,12/11/2016,34.68,1517
538,304906,12/11/2016,42.84,1519
539,304907,12/11/2016,29.24,1529
540,304908,12/11/2016,22.44,1556
541,304909,12/11/2016,36.72,1560
542,304910,12/11/2016,1.586666667,1608
543,304911,12/11/2016,30.6,1610
544,304912,12/11/2016,0.0,1612
545,304913,12/11/2016,3.4,1613
546,304914,12/11/2016,54.4,1621
547,304915,12/11/2016,10.88,1623
548,304916,12/11/2016,30.6,1624
549,304917,12/11/2016,79.56,1625
550,304918,12/11/2016,52.02,1626
551,304919,12/11/2016,31.28,1627
552,304920,12/11/2016,23.256,1628
553,304921,12/11/2016,50.66,1629
554,304922,12/11/2016,41.48,1630
555,304923,12/11/2016,17.0,1631
556,304924,12/11/2016,29.24,1632
557,304925,12/11/2016,18.36,1634
558,304926,12/11/2016,24.48,1635
559,304927,12/11/2016,45.78666667,1636
560,304928,12/11/2016,60.52,1637
561,304929,12/11/2016,22.66666667,1638
562,304930,12/11/2016,62.968,1639
563,304931,12/11/2016,70.04,1640
564,304932,12/11/2016,47.37333333,1641
565,304933,12/11/2016,58.02666667,1642
566,304934,12/11/2016,66.64,1644
567,304935,12/11/2016,74.8,1645
568,304936,12/11/2016,62.33333333,1646
569,304937,12/11/2016,20.06,1647
570,304938,12/11/2016,34.0,1650
571,304939,12/11/2016,1.36,1651
572,304940,12/11/2016,160.48,1681
573,304941,12/11/2016,90.44,1691
574,304942,12/11/2016,36.38,1695
575,304943,12/11/2016,34.816,1697
576,304944,12/11/2016,36.72,1698
577,304945,12/11/2016,51.51,1699
578,304946,12/11/2016,7.82,1700
579,304947,12/11/2016,79.56,1701
580,304948,12/11/2016,33.32,1702
581,304949,12/11/2016,19.72,1704
582,304950,12/11/2016,36.72,1705
583,304951,12/11/2016,82.96,1708
584,304952,12/11/2016,33.66,1709
585,304953,12/11/2016,46.07,1712
586,304954,12/11/2016,51.68,1714
587,304955,12/11/2016,4.76,1730
588,304956,12/11/2016,32.98,1732
589,304957,12/11/2016,17.0,1750
590,304958,12/11/2016,22.44,1752
591,304959,12/11/2016,53.04,1755
592,304960,12/11/2016,77.97333333,1758
593,304961,12/11/2016,30.6,1761
594,304962,12/11/2016,52.088,1762
595,304963,12/11/2016,44.88,1763
596,304964,12/11/2016,3.4,1764
597,304965,12/11/2016,41.14,1766
598,304966,12/11/2016,14.79,1767
599,304967,12/11/2016,88.4,1768
600,304968,12/11/2016,60.29333333,1769
601,304969,12/11/2016,8.16,1770
602,304970,12/11/2016,3.808,1771
603,304971,12/11/2016,39.55333333,1772
604,304972,12/11/2016,70.72,1773
605,304973,12/11/2016,26.248,1774
606,304974,12/11/2016,59.61333333,1776
607,304975,12/11/2016,38.76,1777
608,304976,12/11/2016,32.3,1778
609,304977,12/11/2016,35.7,1780
610,304978,12/11/2016,43.792,1781
611,304979,12/11/2016,35.02,1782
612,304980,12/11/2016,39.78,1783
613,304981,12/11/2016,36.13714286,1784
614,304982,12/11/2016,60.29333333,1785
615,304983,12/11/2016,51.0,1786
616,304984,12/11/2016,55.38222222,1787
617,304985,12/11/2016,31.28,1789
618,304986,12/11/2016,28.305,1790
619,304987,12/11/2016,27.88,1800
620,304988,12/11/2016,12.24,1804
621,304989,12/11/2016,7.48,1807
622,304990,12/11/2016,7.82,1814
623,304991,12/11/2016,14.28,1828
624,304992,12/11/2016,3.4,1831
625,304993,12/11/2016,0.68,1832
626,304994,12/11/2016,21.76,1834
627,304995,12/11/2016,14.28,1862
628,304996,12/11/2016,17.68,1873
629,304997,12/11/2016,0.68,1875
630,304998,12/11/2016,2.72,1884
631,304999,12/11/2016,7.82,1893
632,305000,12/11/2016,12.92,1895
633,305001,12/11/2016,7.48,1896
634,305002,12/11/2016,27.2,1901
635,305003,12/11/2016,5.44,1902
636,305004,12/11/2016,4.08,1903
637,305005,12/11/2016,7.933333333,1906
638,305006,12/11/2016,70.72,1908
639,305007,12/11/2016,44.03,1910
640,305008,12/11/2016,32.81,1911
641,305009,12/11/2016,39.61,1912
642,305010,12/11/2016,39.61,1913
643,305011,12/11/2016,29.325,1914
644,305012,12/11/2016,48.05333333,1916
645,305013,12/11/2016,47.192,1917
646,305014,12/11/2016,35.24666667,1918
647,305015,12/11/2016,75.25333333,1919
648,305016,12/11/2016,56.89333333,1921
649,305017,12/11/2016,49.708,1922
650,305018,12/11/2016,45.05,1923
651,305019,12/11/2016,59.27333333,1924
652,305020,12/11/2016,49.98,1925
653,305021,12/11/2016,77.18,1926
654,305022,12/11/2016,65.39333333,1927
655,305023,12/11/2016,49.83428571,1928
656,305024,12/11/2016,41.48,1929
657,305025,12/11/2016,24.28571429,1930
658,305026,12/11/2016,17.45333333,1931
659,305027,12/11/2016,36.72,1932
660,305028,12/11/2016,43.61714286,1933
661,305029,12/11/2016,53.26666667,1934
662,305030,12/11/2016,43.52,1935
663,305031,12/11/2016,47.14666667,1936
664,305032,12/11/2016,17.0,1937
665,305033,12/11/2016,27.88,1938
666,305034,12/11/2016,43.52,1939
667,305035,12/11/2016,71.06,1940
668,305036,12/11/2016,35.36,1941
669,305037,12/11/2016,23.8,1942
670,305038,12/11/2016,29.92,1943
671,305039,12/11/2016,92.48,1944
672,305040,12/11/2016,87.72,1945
673,305041,12/11/2016,56.95,1946
674,305042,12/11/2016,29.58,1948
675,305043,12/11/2016,36.856,1949
676,305044,12/11/2016,9.293333333,1950
677,305045,12/11/2016,64.26,1951
678,305046,12/11/2016,19.72,1953
679,305047,12/11/2016,53.83333333,1954
680,305048,12/11/2016,27.2,1955
681,305049,12/11/2016,36.72,1956
682,305050,12/11/2016,37.24888889,1957
683,305051,12/11/2016,97.92,1958
684,305052,12/11/2016,4.76,1959
685,305053,12/11/2016,77.52,1960
686,305054,12/11/2016,82.62,1961
687,305055,12/11/2016,26.52,1962
688,305056,12/11/2016,9.86,1965
689,305057,12/11/2016,47.26,1968
690,305058,12/11/2016,25.61333333,1970
691,305059,12/11/2016,44.2,2051
692,305060,12/11/2016,19.04,2052
693,305061,12/11/2016,31.96,2054
694,305062,12/11/2016,46.58,2055
695,305063,12/11/2016,88.4,2059
696,305064,12/11/2016,15.64,2060
697,305065,12/11/2016,59.5,2061
698,305066,12/11/2016,24.14,2062
699,305067,12/11/2016,48.96,2063
700,305068,12/11/2016,0.68,2064
701,305069,12/11/2016,25.16,2065
702,305070,12/11/2016,58.02666667,2066
703,305071,12/11/2016,17.0,2067
704,305072,12/11/2016,47.6,2069
705,305073,12/11/2016,17.22666667,2070
706,305074,12/11/2016,52.7,2071
707,305075,12/11/2016,36.04,2072
708,305076,12/11/2016,25.84,2073
709,305077,12/11/2016,12.24,2074
710,305078,12/11/2016,26.928,2076
711,305079,12/11/2016,36.72,2077
712,305080,12/11/2016,69.58666667,2079
713,305081,12/11/2016,38.08,2080
714,305082,12/11/2016,20.74,2081
715,305083,12/11/2016,54.74,2082
716,305084,12/11/2016,27.65333333,2083
717,305085,12/11/2016,7.48,2084
718,305086,12/11/2016,54.876,2088
719,305087,12/11/2016,23.392,2089
720,305088,12/11/2016,33.05555556,2090
721,305089,12/11/2016,56.06909091,2091
722,305090,12/11/2016,33.09333333,2092
723,305091,12/11/2016,37.47555556,2093
724,305092,12/11/2016,42.46909091,2094
725,305093,12/11/2016,39.21333333,2095
726,305094,12/11/2016,40.8,2096
727,305095,12/11/2016,39.62545455,2097
728,305096,12/11/2016,44.2,2098
729,305097,12/11/2016,87.04,2099
730,305098,12/11/2016,0.68,2104
731,305099,12/11/2016,1.36,2105
732,305100,12/11/2016,3.4,2106
733,305101,12/11/2016,36.04,2110
734,305102,12/11/2016,21.08,2115
735,305103,12/11/2016,8.84,2117
736,305104,12/11/2016,36.72,2119
737,305105,12/11/2016,3.4,2120
738,305106,12/11/2016,2.04,2122
739,305107,12/11/2016,17.68,2123
740,305108,12/11/2016,18.36,2124
741,305109,12/11/2016,65.96,2125
742,305110,12/11/2016,46.92,2126
743,305111,12/11/2016,1.36,2127
744,305112,12/11/2016,2.04,2155
745,305113,12/11/2016,20.4,2159
746,305114,12/11/2016,5.44,2163
747,305115,12/11/2016,20.17333333,2165
748,305116,12/11/2016,33.83,2166
749,305117,12/11/2016,51.68,2167
750,305118,12/11/2016,18.7,2169
751,305119,12/11/2016,14.96,2171
752,305120,12/11/2016,2.04,2179
753,305121,12/11/2016,1.36,2181
754,305122,12/11/2016,2.04,2184
755,305123,12/11/2016,41.14,2190
756,305124,12/11/2016,36.04,2191
757,305125,12/11/2016,28.26857143,2192
758,305126,12/11/2016,44.54,2193
759,305127,12/11/2016,56.66666667,2194
760,305128,12/11/2016,46.648,2195
761,305129,12/11/2016,58.67428571,2196
762,305130,12/11/2016,55.505,2197
763,305131,12/11/2016,49.912,2198
764,305132,12/11/2016,53.24,2199
765,305133,12/11/2016,27.99333333,2200
766,305134,12/11/2016,36.72,2201
767,305135,12/11/2016,48.50666667,2202
768,305136,12/11/2016,18.904,2203
769,305137,12/11/2016,55.42,2204
770,305138,12/11/2016,51.22666667,2205
771,305139,12/11/2016,13.6,2206
772,305140,12/11/2016,16.83,2207
773,305141,12/11/2016,54.4,2208
774,305142,12/11/2016,42.16,2209
775,305143,12/11/2016,42.31111111,2210
776,305144,12/11/2016,27.88,2211
777,305145,12/11/2016,33.405,2212
778,305146,12/11/2016,58.65,2213
779,305147,12/11/2016,40.50857143,2214
780,305148,12/11/2016,37.23,2215
781,305149,12/11/2016,45.22,2216
782,305150,12/11/2016,14.65090909,2217
783,305151,12/11/2016,31.96,2218
784,305152,12/11/2016,65.96,2219
785,305153,12/11/2016,22.78,2220
786,305154,12/11/2016,27.2,2221
787,305155,12/11/2016,61.88,2222
788,305156,12/11/2016,52.7,2224
789,305157,12/11/2016,51.68,2225
790,305158,12/11/2016,100.64,2226
791,305159,12/11/2016,33.32,2227
792,305160,12/11/2016,60.52,2229
793,305161,12/11/2016,64.94,2230
794,305162,12/11/2016,46.92,2231
795,305163,12/11/2016,27.2,2232
796,305164,12/11/2016,48.96,2233
797,305165,12/11/2016,37.91,2234
798,305166,12/11/2016,29.24,2235
799,305167,12/11/2016,30.37333333,2237
800,305168,12/11/2016,66.41333333,2238
801,305169,12/11/2016,48.96,2305
802,305170,12/11/2016,61.2,2319
803,305171,12/11/2016,44.54,2320
804,305172,12/11/2016,24.48,2321
805,305173,12/11/2016,31.62,2322
806,305174,12/11/2016,41.14,2324
807,305175,12/11/2016,30.855,2325
808,305176,12/11/2016,21.08,2326
809,305177,12/11/2016,41.48,2327
810,305178,12/11/2016,72.76,2329
811,305179,12/11/2016,31.28,2330
812,305180,12/11/2016,6.8,2331
813,305181,12/11/2016,95.2,2333
814,305182,12/11/2016,58.82,2335
815,305183,12/11/2016,41.48,2336
816,305184,12/11/2016,70.38,2337
817,305185,12/11/2016,25.61333333,2338
818,305186,12/11/2016,46.41,2339
819,305187,12/11/2016,51.425,2340
820,305188,12/11/2016,23.12,2341
821,305189,12/11/2016,51.68,2342
822,305190,12/11/2016,22.304,2343
823,305191,12/11/2016,53.04,2344
824,305192,12/11/2016,0.68,2345
825,305193,12/11/2016,50.32,2346
826,305194,12/11/2016,35.16571429,2347
827,305195,12/11/2016,31.28,2348
828,305196,12/11/2016,45.78666667,2350
829,305197,12/11/2016,30.6,2351
830,305198,12/11/2016,51.68,2352
831,305199,12/11/2016,63.72571429,2354
832,305200,12/11/2016,47.6,2355
833,305201,12/11/2016,46.69333333,2356
834,305202,12/11/2016,19.992,2357
835,305203,12/11/2016,46.41,2358
836,305204,12/11/2016,51.68,2359
837,305205,12/11/2016,28.33333333,2360
838,305206,12/11/2016,49.18666667,2361
839,305207,12/11/2016,39.66666667,2362
840,305208,12/11/2016,10.88,2364
841,305209,12/11/2016,2.946666667,2373
842,305210,12/11/2016,1.36,2375
843,305211,12/11/2016,3.626666667,2378
844,305212,12/11/2016,42.84,2395
845,305213,12/11/2016,109.48,2396
846,305214,12/11/2016,32.41333333,2397
847,305215,12/11/2016,32.98,2398
848,305216,12/11/2016,45.05,2399
849,305217,12/11/2016,40.12,2400
850,305218,12/11/2016,49.64,2402
851,305219,12/11/2016,53.94666667,2404
852,305220,12/11/2016,2.72,2405
853,305221,12/11/2016,45.56,2406
854,305222,12/11/2016,36.72,2407
855,305223,12/11/2016,30.82666667,2409
856,305224,12/11/2016,13.6,2410
857,305225,12/11/2016,21.76,2411
858,305226,12/11/2016,38.59,2412
859,305227,12/11/2016,21.82181818,2413
860,305228,12/11/2016,29.01333333,2414
861,305229,12/11/2016,28.23619048,2415
862,305230,12/11/2016,56.44,2416
863,305231,12/11/2016,59.84,2417
864,305232,12/11/2016,56.44,2418
865,305233,12/11/2016,48.96,2419
866,305234,12/11/2016,16.54666667,2420
867,305235,12/11/2016,41.14,2421
868,305236,12/11/2016,51.22666667,2422
869,305237,12/11/2016,31.96,2423
870,305238,12/11/2016,13.82666667,2424
871,305239,12/11/2016,33.15,2426
872,305240,12/11/2016,45.9,2427
873,305241,12/11/2016,34.68,2428
874,305242,12/11/2016,17.0,2430
875,305243,12/11/2016,62.56,2431
876,305244,12/11/2016,55.30666667,2433
877,305245,12/11/2016,17.34,2436
878,305246,12/11/2016,19.04,2438
879,305247,12/11/2016,50.32,2440
880,305248,12/11/2016,44.2,2449
881,305249,12/11/2016,74.8,2450
882,305250,12/11/2016,43.52,2451
883,305251,12/11/2016,15.47,2455
884,305252,12/11/2016,35.36,2456
885,305253,12/11/2016,66.64,2481
886,305254,12/11/2016,29.92,2484
887,305255,12/11/2016,39.66666667,2490
888,305256,12/11/2016,73.44,2492
889,305257,12/11/2016,70.04,2493
890,305258,12/11/2016,28.152,2495
891,305259,12/11/2016,37.4,2497
892,305260,12/11/2016,38.08,2498
893,305261,12/11/2016,62.9,2499
894,305262,12/11/2016,4.76,2501
895,305263,12/11/2016,78.68571429,2502
896,305264,12/11/2016,5.95,2503
897,305265,12/11/2016,36.04,2504
898,305266,12/11/2016,52.02,2506
899,305267,12/11/2016,46.92,2517
900,305268,12/11/2016,82.96,2521
901,305269,12/11/2016,87.72,2525
902,305270,12/11/2016,15.64,2527
903,305271,12/11/2016,38.08,2528
904,305272,12/11/2016,73.27,2531
905,305273,12/11/2016,43.06666667,2536
906,305274,12/11/2016,31.28,2539
907,305275,12/11/2016,0.68,2540
908,305276,12/11/2016,29.58,2541
909,305277,12/11/2016,28.56,2544
910,305278,12/11/2016,41.072,2545
911,305279,12/11/2016,15.18666667,2546
912,305280,12/11/2016,31.28,2547
913,305281,12/11/2016,34.0,2549
914,305282,12/11/2016,33.66,2550
915,305283,12/11/2016,41.14,2551
916,305284,12/11/2016,47.26,2552
917,305285,12/11/2016,35.84571429,2554
918,305286,12/11/2016,5.666666667,2555
919,305287,12/11/2016,65.96,2556
920,305288,12/11/2016,47.82666667,2557
921,305289,12/11/2016,39.13777778,2558
922,305290,12/11/2016,29.41,2559
923,305291,12/11/2016,22.865,2560
924,305292,12/11/2016,68.0,2562
925,305293,12/11/2016,34.0,2563
926,305294,12/11/2016,27.81818182,2564
927,305295,12/11/2016,31.96,2565
928,305296,12/11/2016,18.36,2566
929,305297,12/11/2016,17.0,2567
930,305298,12/11/2016,9.52,2568
931,305299,12/11/2016,59.16,2570
932,305300,12/11/2016,53.72,2572
933,305301,12/11/2016,43.928,2574
934,305302,12/11/2016,58.48,2575
935,305303,12/11/2016,36.04,2576
936,305304,12/11/2016,47.43,2577
937,305305,12/11/2016,30.94,2578
938,305306,12/11/2016,65.28,2579
939,305307,12/11/2016,60.248,2580
940,305308,12/11/2016,43.69,2581
941,305309,12/11/2016,6.346666667,2588
942,305310,12/11/2016,2.72,2591
943,305311,12/11/2016,160.48,2595
944,305312,12/11/2016,62.22,2596
945,305313,12/11/2016,57.55272727,2597
946,305314,12/11/2016,44.88,2599
947,305315,12/11/2016,37.4,2600
948,305316,12/11/2016,21.98666667,2601
949,305317,12/11/2016,37.264,2602
950,305318,12/11/2016,56.44,2603
951,305319,12/11/2016,39.44,2605
952,305320,12/11/2016,40.936,2607
953,305321,12/11/2016,29.69333333,2608
954,305322,12/11/2016,20.49714286,2609
955,305323,12/11/2016,14.195,2610
956,305324,12/11/2016,29.58,2611
957,305325,12/11/2016,30.6,2612
958,305326,12/11/2016,68.0,2613
959,305327,12/11/2016,54.85333333,2614
960,305328,12/11/2016,16.32,2615
961,305329,12/11/2016,43.18,2616
962,305330,12/11/2016,58.25333333,2617
963,305331,12/11/2016,1.36,2618
964,305332,12/11/2016,41.48,2619
965,305333,12/11/2016,51.77714286,2620
966,305334,12/11/2016,34.0,2621
967,305335,12/11/2016,43.74666667,2623
968,305336,12/11/2016,35.36,2624
969,305337,12/11/2016,41.02666667,2625
970,305338,12/11/2016,61.2,2626
971,305339,12/11/2016,48.50666667,2627
972,305340,12/11/2016,40.936,2629
973,305341,12/11/2016,39.44,2630
974,305342,12/11/2016,33.01777778,2631
975,305343,12/11/2016,64.6,2632
976,305344,12/11/2016,16.09333333,2633
977,305345,12/11/2016,47.6,2634
978,305346,12/11/2016,38.845,2635
979,305347,12/11/2016,35.36,2636
980,305348,12/11/2016,43.18,2637
981,305349,12/11/2016,44.03,2638
982,305350,12/11/2016,55.76,2643
983,305351,12/11/2016,35.58666667,2644
984,305352,12/11/2016,36.04,2646
985,305353,12/11/2016,27.2,2647
986,305354,12/11/2016,34.34,2650
987,305355,12/11/2016,61.88,2651
988,305356,12/11/2016,51.68,2652
989,305357,12/11/2016,47.14666667,2653
990,305358,12/11/2016,14.96,2654
991,305359,12/11/2016,26.18,2656
992,305360,12/11/2016,48.552,2657
993,305361,12/11/2016,2.72,2658
994,305362,12/11/2016,55.42,2659
995,305363,12/11/2016,61.472,2660
996,305364,12/11/2016,63.24,2662
997,305365,12/11/2016,53.26666667,2663
998,305366,12/11/2016,50.54666667,2664
999,305367,12/11/2016,30.6,2668
1000,305368,12/11/2016,75.82,2669
1001,305369,12/11/2016,41.14,2670
1002,305370,12/11/2016,60.792,2671
1003,305371,12/11/2016,79.56,2672
1004,305372,12/11/2016,59.33,2673
1005,305373,12/11/2016,89.08,2675
1006,305374,12/11/2016,89.30666667,2676
1007,305375,12/11/2016,51.68,2677
1008,305376,12/11/2016,21.76,2681
1009,305377,12/11/2016,76.84,2682
1010,305378,12/11/2016,1.36,2688
1011,305379,12/11/2016,12.92,2690
1012,305380,12/11/2016,25.84,2691
1013,305381,12/11/2016,8.16,2692
1014,305382,12/11/2016,58.93333333,2693
1015,305383,12/11/2016,39.1,2694
1016,305384,12/11/2016,44.54,2695
1017,305385,12/11/2016,34.136,2697
1018,305386,12/11/2016,60.52,2698
1019,305387,12/11/2016,15.64,2702
1020,305388,12/11/2016,53.55,2703
1021,305389,12/11/2016,41.31,2704
1022,305390,12/11/2016,90.44,2705
1023,305391,12/11/2016,32.64,2706
1024,305392,12/11/2016,59.84,2708
1025,305393,12/11/2016,38.08,2709
1026,305394,12/11/2016,27.2,2710
1027,305395,12/11/2016,21.42,2711
1028,305396,12/11/2016,76.16,2712
1029,305397,12/11/2016,38.30666667,2713
1030,305398,12/11/2016,37.28666667,2714
1031,305399,12/11/2016,19.72,2715
1032,305400,12/11/2016,37.06,2716
1033,305401,12/11/2016,42.38666667,2717
1034,305402,12/11/2016,36.04,2718
1035,305403,12/11/2016,32.572,2719
1036,305404,12/11/2016,56.89333333,2720
1037,305405,12/11/2016,46.07,2722
1038,305406,12/11/2016,16.32,2723
1039,305407,12/11/2016,19.21,2724
1040,305408,12/11/2016,38.98666667,2725
1041,305409,12/11/2016,60.112,2726
1042,305410,12/11/2016,52.58666667,2727
1043,305411,12/11/2016,40.8,2728
1044,305412,12/11/2016,16.80571429,2729
1045,305413,12/11/2016,25.25714286,2730
1046,305414,12/11/2016,30.89142857,2731
1047,305415,12/11/2016,41.91272727,2732
1048,305416,12/11/2016,48.38461538,2733
1049,305417,12/11/2016,81.6,2734
1050,305418,12/11/2016,26.52,2735
1051,305419,12/11/2016,33.83,2736
1052,305420,12/11/2016,43.29333333,2737
1053,305421,12/11/2016,42.296,2738
1054,305422,12/11/2016,53.21,2739
1055,305423,12/11/2016,40.205,2740
1056,305424,12/11/2016,50.69777778,2742
1057,305425,12/11/2016,57.12,2743
1058,305426,12/11/2016,45.12285714,2744
1059,305427,12/11/2016,58.82,2745
1060,305428,12/11/2016,37.91,2746
1061,305429,12/11/2016,30.26,2747
1062,305430,12/11/2016,21.76,2748
1063,305431,12/11/2016,31.16666667,2749
1064,305432,12/11/2016,60.06666667,2750
1065,305433,12/11/2016,24.48,2751
1066,305434,12/11/2016,34.544,2752
1067,305435,12/11/2016,2.946666667,2753
1068,305436,12/11/2016,33.66,2754
1069,305437,12/11/2016,41.48,2755
1070,305438,12/11/2016,38.92,2756
1071,305439,12/11/2016,47.6,2757
1072,305440,12/11/2016,46.784,2758
1073,305441,12/11/2016,34.17,2759
1074,305442,12/11/2016,35.84571429,2760
1075,305443,12/11/2016,20.78857143,2761
1076,305444,12/11/2016,43.112,2762
1077,305445,12/11/2016,32.776,2763
1078,305446,12/11/2016,51.68,2764
1079,305447,12/11/2016,45.39,2765
1080,305448,12/11/2016,17.68,2766
1081,305449,12/11/2016,35.7,2767
1082,305450,12/11/2016,57.8,2768
1083,305451,12/11/2016,55.76,2769
1084,305452,12/11/2016,30.52444444,2770
1085,305453,12/11/2016,51.87428571,2771
1086,305454,12/11/2016,48.05333333,2772
1087,305455,12/11/2016,28.9,2773
1088,305456,12/11/2016,36.72,2774
1089,305457,12/11/2016,69.53,2775
1090,305458,12/11/2016,48.05333333,2776
1091,305459,12/11/2016,28.39,2777
1092,305460,12/11/2016,50.745,2778
1093,305461,12/11/2016,36.72,2780
1094,305462,12/11/2016,44.2,2796
1095,305463,12/11/2016,24.99,2798
1096,305464,12/11/2016,0.68,2799
1097,305465,12/11/2016,49.75333333,2801
1098,305466,12/11/2016,46.325,2802
1099,305467,12/11/2016,36.04,2804
1100,305468,12/11/2016,17.45333333,2805
1101,305469,12/11/2016,39.13777778,2806
1102,305470,12/11/2016,44.97714286,2807
1103,305471,12/11/2016,26.06666667,2808
1104,305472,12/11/2016,33.32,2809
1105,305473,12/11/2016,1.586666667,2810
1106,305474,12/11/2016,13.14666667,2811
1107,305475,12/11/2016,17.0,2812
1108,305476,12/11/2016,44.65333333,2813
1109,305477,12/11/2016,35.19,2814
1110,305478,12/11/2016,41.48,2815
1111,305479,12/11/2016,10.2,2816
1112,305480,12/11/2016,24.02666667,2817
1113,305481,12/11/2016,28.288,2818
1114,305482,12/11/2016,35.87,2819
1115,305483,12/11/2016,41.63111111,2820
1116,305484,12/11/2016,32.3,2821
1117,305485,12/11/2016,32.47,2822
1118,305486,12/11/2016,47.6,2823
1119,305487,12/11/2016,29.69333333,2824
1120,305488,12/11/2016,53.15333333,2825
1121,305489,12/11/2016,40.23333333,2826
1122,305490,12/11/2016,33.32,2827
1123,305491,12/11/2016,49.47,2828
1124,305492,12/11/2016,65.05333333,2829
1125,305493,12/11/2016,48.212,2830
1126,305494,12/11/2016,28.22,2831
1127,305495,12/11/2016,44.57090909,2832
1128,305496,12/11/2016,30.37333333,2833
1129,305497,12/11/2016,87.04,2834
1130,305498,12/11/2016,55.25,2835
1131,305499,12/11/2016,37.10857143,2836
1132,305500,12/11/2016,42.84,2837
1133,305501,12/11/2016,47.43,2838
1134,305502,12/11/2016,38.216,2840
1135,305503,12/11/2016,6.8,2842
1136,305504,12/11/2016,55.76,2845
1137,305505,12/11/2016,35.768,2848
1138,305506,12/11/2016,48.37714286,2850
1139,305507,12/11/2016,38.32285714,2851
1140,305508,12/11/2016,34.0,2852
1141,305509,12/11/2016,43.22857143,2853
1142,305510,12/11/2016,33.592,2854
1143,305511,12/11/2016,31.84666667,2855
1144,305512,12/11/2016,70.38,2856
1145,305513,12/11/2016,39.05142857,2857
1146,305514,12/11/2016,61.2,2858
1147,305515,12/11/2016,44.37,2859
1148,305516,12/11/2016,40.8,2860
1149,305517,12/11/2016,72.53333333,2861
1150,305518,12/11/2016,44.064,2862
1151,305519,12/11/2016,42.84,2863
1152,305520,12/11/2016,80.46666667,2864
1153,305521,12/11/2016,51.68,2865
1154,305522,12/11/2016,22.89333333,2866
1155,305523,12/11/2016,63.92,2867
1156,305524,12/11/2016,32.64,2868
1157,305525,12/11/2016,27.13818182,2869
1158,305526,12/11/2016,45.92266667,2870
1159,305527,12/11/2016,8.613333333,2871
1160,305528,12/11/2016,39.78,2872
1161,305529,12/11/2016,33.728,2873
1162,305530,12/11/2016,26.40666667,2874
1163,305531,12/11/2016,23.392,2875
1164,305532,12/11/2016,49.44571429,2876
1165,305533,12/11/2016,51.34,2877
1166,305534,12/11/2016,39.032,2878
1167,305535,12/11/2016,36.89,2879
1168,305536,12/11/2016,38.59,2880
1169,305537,12/11/2016,15.64,2881
1170,305538,12/11/2016,42.84,2882
1171,305539,12/11/2016,44.54,2883
1172,305540,12/11/2016,55.165,2884
1173,305541,12/11/2016,51.45333333,2885
1174,305542,12/11/2016,25.84,2886
1175,305543,12/11/2016,48.62,2887
1176,305544,12/11/2016,26.52,2888
1177,305545,12/11/2016,91.8,2889
1178,305546,12/11/2016,48.688,2890
1179,305547,12/11/2016,52.7,2891
1180,305548,12/11/2016,14.416,2892
1181,305549,12/11/2016,44.88,2895
1182,305550,12/11/2016,16.32,2896
1183,305551,12/11/2016,79.56,2897
1184,305552,12/11/2016,46.92,2898
1185,305553,12/11/2016,38.76,2900
1186,305554,12/11/2016,22.44,2901
1187,305555,12/11/2016,68.0,2903
1188,305556,12/11/2016,64.6,2904
1189,305557,12/11/2016,63.58,2905
1190,305558,12/11/2016,45.22,2908
1191,305559,12/11/2016,6.8,2911
1192,305560,12/11/2016,75.14,2913
1193,305561,12/11/2016,26.52,2917
1194,305562,12/11/2016,29.24,2920
1195,305563,12/11/2016,66.64,2921
1196,305564,12/11/2016,16.32,2923
1197,305565,12/11/2016,53.55,2924
1198,305566,12/11/2016,60.35,2925
1199,305567,12/11/2016,36.04,2926
1200,305568,12/11/2016,53.21,2928
1201,305569,12/11/2016,43.384,2929
1202,305570,12/11/2016,34.0,2930
1203,305571,12/11/2016,80.24,2931
1204,305572,12/11/2016,59.61333333,2933
1205,305573,12/11/2016,34.45333333,2935
1206,305574,12/11/2016,45.56,2936
1207,305575,12/11/2016,4.42,2937
1208,305576,12/11/2016,15.3,2939
1209,305577,12/11/2016,44.2,2942
1210,305578,12/11/2016,45.016,2943
1211,305579,12/11/2016,42.16,2944
1212,305580,12/11/2016,33.77333333,2945
1213,305581,12/11/2016,51.68,2946
1214,305582,12/11/2016,25.84,2947
1215,305583,12/11/2016,26.52,2948
1216,305584,12/11/2016,32.64,2949
1217,305585,12/11/2016,40.97,2950
1218,305586,12/11/2016,53.04,2951
1219,305587,12/11/2016,31.28,2952
1220,305588,12/11/2016,25.024,2953
1221,305589,12/11/2016,12.92,2955
1222,305590,12/11/2016,59.16,2956
1223,305591,12/11/2016,29.85818182,2957
1224,305592,12/11/2016,2.04,2959
1225,305593,12/11/2016,63.376,2961
1226,305594,12/11/2016,59.84,2963
1227,305595,12/11/2016,15.64,2964
1228,305596,12/11/2016,76.16,2965
1229,305597,12/11/2016,44.71,2966
1230,305598,12/11/2016,14.96,2970
1231,305599,12/11/2016,64.6,2971
1232,305600,12/11/2016,15.64,2972
1233,305601,12/11/2016,49.776,2973
1234,305602,12/11/2016,16.54666667,2974
1235,305603,12/11/2016,44.00571429,2975
1236,305604,12/11/2016,40.12,2976
1237,305605,12/11/2016,50.49,2977
1238,305606,12/11/2016,53.584,2978
1239,305607,12/11/2016,39.21333333,2979
1240,305608,12/11/2016,53.38,2980
1241,305609,12/11/2016,26.316,2981
1242,305610,12/11/2016,48.144,2982
1243,305611,12/11/2016,27.65333333,2983
1244,305612,12/11/2016,42.84,2984
1245,305613,12/11/2016,15.64,2985
1246,305614,12/11/2016,33.42461538,2986
1247,305615,12/11/2016,40.8,2987
1248,305616,12/11/2016,53.72,2988
1249,305617,12/11/2016,60.06666667,2989
1250,305618,12/11/2016,51.68,2990
1251,305619,12/11/2016,15.64,2991
1252,305620,12/11/2016,32.98,2992
1253,305621,12/11/2016,60.52,2993
1254,305622,12/11/2016,55.76,2994
1255,305623,12/11/2016,153.68,2997
1256,305624,12/11/2016,30.056,2998
1257,305625,12/11/2016,3.4,2999
1258,305626,12/11/2016,47.82666667,3007
1259,305627,12/11/2016,83.64,3008
1260,305628,12/11/2016,21.76,3018
1261,305629,12/11/2016,45.22,3019
1262,305630,12/11/2016,2.72,3021
1263,305631,12/11/2016,19.72,3022
1264,305632,12/11/2016,56.44,3029
1265,305633,12/11/2016,40.46,3031
1266,305634,12/11/2016,54.536,3035
1267,305635,12/11/2016,61.88,3036
1268,305636,12/11/2016,70.04,3037
1269,305637,12/11/2016,25.64571429,3038
1270,305638,12/11/2016,11.832,3039
1271,305639,12/11/2016,49.98,3040
1272,305640,12/11/2016,12.92,3042
1273,305641,12/11/2016,27.88,3043
1274,305642,12/11/2016,23.8,3044
1275,305643,12/11/2016,27.2,3045
1276,305644,12/11/2016,34.34,3046
1277,305645,12/11/2016,52.36,3047
1278,305646,12/11/2016,34.0,3048
1279,305647,12/11/2016,40.8,3049
1280,305648,12/11/2016,34.68,3050
1281,305649,12/11/2016,65.89818182,3051
1282,305650,12/11/2016,73.66666667,3052
1283,305651,12/11/2016,23.12,3053
1284,305652,12/11/2016,22.66666667,3054
1285,305653,12/11/2016,42.38666667,3055
1286,305654,12/11/2016,21.76,3056
1287,305655,12/11/2016,53.38,3057
1288,305656,12/11/2016,26.52,3059
1289,305657,12/11/2016,33.70857143,3060
1290,305658,12/11/2016,87.72,3062
1291,305659,12/11/2016,82.96,3064
1292,305660,12/11/2016,39.984,3065
1293,305661,12/11/2016,47.77,3066
1294,305662,12/11/2016,92.48,3068
1295,305663,12/11/2016,4.76,3069
1296,305664,12/11/2016,25.5,3070
1297,305665,12/11/2016,0.68,3071
1298,305666,12/11/2016,31.96,3073
1299,305667,12/11/2016,82.28,3074
1300,305668,12/11/2016,64.82666667,3076
1301,305669,12/11/2016,32.75333333,3077
1302,305670,12/11/2016,38.08,3078
1303,305671,12/11/2016,38.76,3079
1304,305672,12/11/2016,72.59,3080
1305,305673,12/11/2016,29.69333333,3082
1306,305674,12/11/2016,30.736,3083
1307,305675,12/11/2016,67.66,3084
1308,305676,12/11/2016,32.368,3085
1309,305677,12/11/2016,44.65333333,3086
1310,305678,12/11/2016,17.68,3087
1311,305679,12/11/2016,14.50666667,3088
1312,305680,12/11/2016,25.16,3089
1313,305681,12/11/2016,56.712,3090
1314,305682,12/11/2016,57.34666667,3091
1315,305683,12/11/2016,61.42666667,3092
1316,305684,12/11/2016,46.92,3093
1317,305685,12/11/2016,7.48,3094
1318,305686,12/11/2016,44.35111111,3095
1319,305687,12/11/2016,15.3,3097
1320,305688,12/11/2016,70.72,3098
1321,305689,12/11/2016,4.76,3099
1322,305690,12/11/2016,4.76,3100
1323,305691,12/11/2016,45.56,3101
1324,305692,12/11/2016,51.0,3102
1325,305693,12/11/2016,19.26666667,3103
1326,305694,12/11/2016,39.89333333,3106
1327,305695,12/11/2016,16.32,3107
1328,305696,12/11/2016,64.464,3108
1329,305697,12/11/2016,8.84,3110
1330,305698,12/11/2016,1.36,3113
1331,305699,12/11/2016,10.88,3114
1332,305700,12/11/2016,57.12,3115
1333,305701,12/11/2016,50.71666667,3116
1334,305702,12/11/2016,41.14,3118
1335,305703,12/11/2016,42.908,3119
1336,305704,12/11/2016,27.2,3120
1337,305705,12/11/2016,23.664,3121
1338,305706,12/11/2016,78.88,3122
1339,305707,12/11/2016,54.4,3123
1340,305708,12/11/2016,59.16,3124
1341,305709,12/11/2016,66.13,3125
1342,305710,12/11/2016,13.804,3126
1343,305711,12/11/2016,4.08,3127
1344,305712,12/11/2016,71.944,3128
1345,305713,12/11/2016,27.88,3129
1346,305714,12/11/2016,29.92,3130
1347,305715,12/11/2016,18.36,3131
1348,305716,12/11/2016,60.52,3132
1349,305717,12/11/2016,39.95,3133
1350,305718,12/11/2016,75.48,3134
1351,305719,12/11/2016,74.12,3135
1352,305720,12/11/2016,47.26,3136
1353,305721,12/11/2016,27.2,3137
1354,305722,12/11/2016,49.64,3138
1355,305723,12/11/2016,24.48,3139
1356,305724,12/11/2016,36.72,3140
1357,305725,12/11/2016,8.16,3142
1358,305726,12/11/2016,66.64,3145
1359,305727,12/11/2016,14.28,3147
1360,305728,12/11/2016,29.92,3148
1361,305729,12/11/2016,38.42,3149
1362,305730,12/11/2016,81.6,3150
1363,305731,12/11/2016,46.58,3152
1364,305732,12/11/2016,82.62,3153
1365,305733,12/11/2016,44.71,3154
1366,305734,12/11/2016,58.072,3155
1367,305735,12/11/2016,28.94857143,3159
1368,305736,12/11/2016,83.64,3161
1369,305737,12/11/2016,45.05,3163
1370,305738,12/11/2016,34.68,3166
1371,305739,12/11/2016,59.5,3167
1372,305740,12/11/2016,92.48,3168
1373,305741,12/11/2016,6.8,3169
1374,305742,12/11/2016,22.1,3170
1375,305743,12/11/2016,43.52,3171
1376,305744,12/11/2016,57.8,3172
1377,305745,12/11/2016,58.888,3174
1378,305746,12/11/2016,52.13333333,3179
1379,305747,12/11/2016,29.08888889,3181
1380,305748,12/11/2016,32.98,3182
1381,305749,12/11/2016,28.56,3183
1382,305750,12/11/2016,15.3,3184
1383,305751,12/11/2016,28.985,3185
1384,305752,12/11/2016,54.145,3186
1385,305753,12/11/2016,13.872,3187
1386,305754,12/11/2016,38.64666667,3188
1387,305755,12/11/2016,73.1,3190
1388,305756,12/11/2016,28.56,3192
1389,305757,12/11/2016,11.56,3194
1390,305758,12/11/2016,66.64,3196
1391,305759,12/11/2016,20.30285714,3197
1392,305760,12/11/2016,21.08,3198
1393,305761,12/11/2016,21.19333333,3199
1394,305762,12/11/2016,9.52,3200
1395,305763,12/11/2016,21.216,3201
1396,305764,12/11/2016,3.4,3204
1397,305765,12/11/2016,8.16,3205
1398,305766,12/11/2016,1.36,3210
1399,305767,12/11/2016,64.6,3211
1400,305768,12/11/2016,10.54,3212
1401,305769,12/11/2016,10.2,3213
1402,305770,12/11/2016,7.48,3214
1403,305771,12/11/2016,16.405,3215
1404,305772,12/11/2016,20.06,3216
1405,305773,12/11/2016,28.696,3217
1406,305774,12/11/2016,15.64,3218
1407,305775,12/11/2016,17.408,3219
1408,305776,12/11/2016,9.293333333,3221
1409,305777,12/11/2016,39.66666667,3225
1410,305778,12/11/2016,51.0,3226
1411,305779,12/11/2016,29.92,3227
1412,305780,12/11/2016,38.53333333,3228
1413,305781,12/11/2016,80.24,3229
1414,305782,12/11/2016,51.68,3231
1415,305783,12/11/2016,47.192,3233
1416,305784,12/11/2016,61.608,3242
1417,305785,12/11/2016,13.26,3243
1418,305786,12/11/2016,6.346666667,3245
1419,305787,12/11/2016,48.28,3246
1420,305788,12/11/2016,33.09333333,3249
1421,305789,12/11/2016,23.46,3251
1422,305790,12/11/2016,22.95,3252
1423,305791,12/11/2016,43.52,3253
1424,305792,12/11/2016,30.6,3254
1425,305793,12/11/2016,7.48,3255
1426,305794,12/11/2016,2.04,3257
1427,305795,12/11/2016,72.08,3258
1428,305796,12/11/2016,70.72,3259
1429,305797,12/11/2016,2.72,3262
1430,305798,12/11/2016,4.08,3263
1431,305799,12/11/2016,11.152,3264
1432,305800,12/11/2016,9.52,3268
1433,305801,12/11/2016,37.88571429,3269
1434,305802,12/11/2016,46.92,3270
1435,305803,12/11/2016,64.26,3271
1436,305804,12/11/2016,82.28,3273
1437,305805,12/11/2016,26.52,3274
1438,305806,12/11/2016,51.17,3275
1439,305807,12/11/2016,41.48,3276
1440,305808,12/11/2016,36.04,3277
1441,305809,12/11/2016,74.12,3278
1442,305810,12/11/2016,61.68571429,3279
1443,305811,12/11/2016,12.24,3281
1444,305812,12/11/2016,55.76,3282
1445,305813,12/11/2016,77.52,3283
1446,305814,12/11/2016,48.73333333,3286
1447,305815,12/11/2016,113.56,3287
1448,305816,12/11/2016,19.448,3289
1449,305817,12/11/2016,42.38666667,3290
1450,305818,12/11/2016,39.62545455,3291
1451,305819,12/11/2016,75.82,3292
1452,305820,12/11/2016,51.952,3293
1453,305821,12/11/2016,34.0,3294
1454,305822,12/11/2016,45.22,3295
1455,305823,12/11/2016,41.82,3296
1456,305824,12/11/2016,23.8,3298
1457,305825,12/11/2016,44.064,3299
1458,305826,12/11/2016,45.73,3300
1459,305827,12/11/2016,55.25,3302
1460,305828,12/11/2016,124.44,3304
1461,305829,12/11/2016,91.12,3305
1462,305830,12/11/2016,42.84,3306
1463,305831,12/11/2016,40.8,3308
1464,305832,12/11/2016,28.10666667,3309
1465,305833,12/11/2016,35.13333333,3310
1466,305834,12/11/2016,0.68,3311
1467,305835,12/11/2016,28.56,3312
1468,305836,12/11/2016,19.04,3313
1469,305837,12/11/2016,11.78666667,3314
1470,305838,12/11/2016,12.58,3315
1471,305839,12/11/2016,79.22,3316
1472,305840,12/11/2016,102.68,3318
1473,305841,12/11/2016,25.84,3319
1474,305842,12/11/2016,107.44,3321
1475,305843,12/11/2016,43.52,3324
1476,305844,12/11/2016,6.8,3327
1477,305845,12/11/2016,60.52,3333
1478,305846,12/11/2016,74.8,3334
1479,305847,12/11/2016,74.12,3335
1480,305848,12/11/2016,27.2,3336
1481,305849,12/11/2016,30.6,3337
1482,305850,12/11/2016,23.46,3340
1483,305851,12/11/2016,11.22,3343
1484,305852,12/11/2016,16.32,3344
1485,305853,12/11/2016,19.04,3352
1486,305854,12/11/2016,5.44,3353
1487,305855,12/11/2016,45.9,3354
1488,305856,12/11/2016,5.44,3356
1489,305857,12/11/2016,13.6,3357
1490,305858,12/11/2016,27.88,3358
1491,305859,12/11/2016,18.904,3359
1492,305860,12/11/2016,68.0,3360
1493,305861,12/11/2016,10.2,3361
1494,305862,12/11/2016,30.94,3362
1495,305863,12/11/2016,32.81,3365
1496,305864,12/11/2016,34.09714286,3366
1497,305865,12/11/2016,16.32,3368
1498,305866,12/11/2016,70.72,3369
1499,305867,12/11/2016,43.18,3371
1500,305868,12/11/2016,40.57333333,3374
1501,305869,12/11/2016,4.08,3376
1502,305870,12/11/2016,23.46,3379
1503,305871,12/11/2016,55.216,3384
1504,305872,12/11/2016,28.832,3385
1505,305873,12/11/2016,32.64,3386
1506,305874,12/11/2016,46.04571429,3388
1507,305875,12/11/2016,27.455,3389
1508,305876,12/11/2016,4.76,3392
1509,305877,12/11/2016,2.38,3393
1510,305878,12/11/2016,7.99,3394
1511,305879,12/11/2016,4.08,3395
1512,305880,12/11/2016,15.44571429,3396
1513,305881,12/11/2016,19.04,3397
1514,305882,12/11/2016,19.38,3398
1515,305883,12/11/2016,20.4,3399
1516,305884,12/11/2016,20.4,3400
1517,305885,12/11/2016,17.68,3402
1518,305886,12/11/2016,21.76,3403
1519,305887,12/11/2016,0.68,3404
1520,305888,12/11/2016,17.0,3409
1521,305889,12/11/2016,14.96,3410
1522,305890,12/11/2016,4.76,3411
1523,305891,12/11/2016,32.64,3412
1524,305892,12/11/2016,9.384,3413
1525,305893,12/11/2016,16.66,3414
1526,305894,12/11/2016,21.488,3415
1527,305895,12/11/2016,28.22,3416
1528,305896,12/11/2016,15.13,3417
1529,305897,12/11/2016,16.32,3418
1530,305898,12/11/2016,39.712,3419
1531,305899,12/11/2016,18.36,3422
1532,305900,12/11/2016,33.09333333,3424
1533,305901,12/11/2016,32.98,3432
1534,305902,12/11/2016,26.52,3433
1535,305903,12/11/2016,29.24,3434
1536,305904,12/11/2016,21.08,3437
1537,305905,12/11/2016,17.0,3441
1538,305906,12/11/2016,16.32,3443
1539,305907,12/11/2016,23.12,3444
1540,305908,12/11/2016,10.54,3445
1541,305909,12/11/2016,22.51555556,3446
1542,305910,12/11/2016,18.632,3447
1543,305911,12/11/2016,47.056,3448
1544,305912,12/11/2016,30.94,3449
1545,305913,12/11/2016,6.8,3450
1546,305914,12/11/2016,101.32,3451
1547,305915,12/11/2016,59.84,3452
1548,305916,12/11/2016,9.52,3453
1549,305917,12/11/2016,36.72,3455
1550,305918,12/11/2016,30.14666667,3456
1551,305919,12/11/2016,15.64,3459
1552,305920,12/11/2016,42.432,3466
1553,305921,12/11/2016,26.35,3467
1554,305922,12/11/2016,13.43,3468
1555,305923,12/11/2016,18.36,3469
1556,305924,12/11/2016,28.56,3471
1557,305925,12/11/2016,11.56,3472
1558,305926,12/11/2016,4.76,3476
1559,305927,12/11/2016,57.12,3477
1560,305928,12/11/2016,28.56,3478
1561,305929,12/11/2016,45.56,3480
1562,305930,12/11/2016,88.4,3484
1563,305931,12/11/2016,116.96,3486
1564,305932,12/11/2016,54.74,3494
1565,305933,12/11/2016,36.72,3496
1566,305934,12/11/2016,74.34666667,3498
1567,305935,12/11/2016,49.86666667,3500
1568,305936,12/11/2016,76.84,3502
1569,305937,12/11/2016,116.96,3504
1570,305938,12/11/2016,6.8,3510
1571,305939,12/11/2016,104.04,3512
1572,305940,12/11/2016,146.2,3518
1573,305941,12/11/2016,83.3,3519
1574,305942,12/11/2016,83.64,3522
1575,305943,12/11/2016,19.72,3523
1576,305944,12/11/2016,67.32,3524
1577,305945,12/11/2016,56.44,3525
1578,305946,12/11/2016,28.22,3526
1579,305947,12/11/2016,22.44,3527
1580,305948,12/11/2016,51.34,3530
1581,305949,12/11/2016,59.16,3531
1582,305950,12/11/2016,58.48,3534
1583,305951,12/11/2016,61.2,3535
1584,305952,12/11/2016,64.6,3537
1585,305953,12/11/2016,33.32,3538
1586,305954,12/11/2016,65.824,3540
1587,305955,12/11/2016,67.54666667,3541
1588,305956,12/11/2016,11.22,3543
1589,305957,12/11/2016,19.72,3545
1590,305958,12/11/2016,36.04,3546
1591,305959,12/11/2016,88.4,3548
1592,305960,12/11/2016,47.09,3549
1593,305961,12/11/2016,44.88,3550
1594,305962,12/11/2016,18.36,3551
1595,305963,12/11/2016,40.57333333,3552
1596,305964,12/11/2016,83.64,3554
1597,305965,12/11/2016,24.02666667,3555
1598,305966,12/11/2016,47.6,3556
1599,305967,12/11/2016,31.80888889,3558
1600,305968,12/11/2016,65.96,3559
1601,305969,12/11/2016,58.93333333,3560
1602,305970,12/11/2016,38.59,3561
1603,305971,12/11/2016,29.92,3562
1604,305972,12/11/2016,50.15,3563
1605,305973,12/11/2016,35.61052632,3564
1606,305974,12/11/2016,3.4,3565
1607,305975,12/11/2016,89.76,3566
1608,305976,12/11/2016,28.56,3567
1609,305977,12/11/2016,31.96,3575
1610,305978,12/11/2016,25.16,3576
1611,305979,12/11/2016,48.62,3577
1612,305980,12/11/2016,7.48,3578
1613,305981,12/11/2016,110.84,3579
1614,305982,12/11/2016,36.09230769,3580
1615,305983,12/11/2016,8.84,3581
1616,305984,12/11/2016,34.68,3582
1617,305985,12/11/2016,22.1,3583
1618,305986,12/11/2016,51.45333333,3584
1619,305987,12/11/2016,28.10666667,3585
1620,305988,12/11/2016,26.384,3586
1621,305989,12/11/2016,42.84,3587
1622,305990,12/11/2016,43.35,3588
1623,305991,12/11/2016,19.04,3589
1624,305992,12/11/2016,32.98,3590
1625,305993,12/11/2016,2.04,3591
1626,305994,12/11/2016,66.98,3592
1627,305995,12/11/2016,24.93333333,3594
1628,305996,12/11/2016,12.58,3595
1629,305997,12/11/2016,32.64,3596
1630,305998,12/11/2016,6.573333333,3597
1631,305999,12/11/2016,31.28,3598
1632,306000,12/11/2016,47.6,3600
1633,306001,12/11/2016,15.3,3601
1634,306002,12/11/2016,2.946666667,3603
1635,306003,12/11/2016,45.56,3604
1636,306004,12/11/2016,55.08,3607
1637,306005,12/11/2016,26.13142857,3608
1638,306006,12/11/2016,87.04,3610
1639,306007,12/11/2016,16.54666667,3612
1640,306008,12/11/2016,26.52,3616
1641,306009,12/11/2016,29.58,3617
1642,306010,12/11/2016,23.29,3622
1643,306011,12/11/2016,33.32,3623
1644,306012,12/11/2016,69.81333333,3624
1645,306013,12/11/2016,79.56,3625
1646,306014,12/11/2016,24.48,3626
1647,306015,12/11/2016,23.545,3628
1648,306016,12/11/2016,36.04,3629
1649,306017,12/11/2016,6.12,3630
1650,306018,12/11/2016,14.96,3631
1651,306019,12/11/2016,18.768,3632
1652,306020,12/11/2016,3.173333333,3633
1653,306021,12/11/2016,17.0,3634
1654,306022,12/11/2016,10.472,3635
1655,306023,12/11/2016,18.768,3636
1656,306024,12/11/2016,17.34,3638
1657,306025,12/11/2016,19.72,3642
1658,306026,12/11/2016,36.72,3644
1659,306027,12/11/2016,22.44,3645
1660,306028,12/11/2016,13.6,3647
1661,306029,12/11/2016,27.2,3649
1662,306030,12/11/2016,16.32,3650
1663,306031,12/11/2016,38.30666667,3651
1664,306032,12/11/2016,43.52,3652
1665,306033,12/11/2016,19.38,3653
1666,306034,12/11/2016,17.87428571,3654
1667,306035,12/11/2016,74.12,3655
1668,306036,12/11/2016,13.14666667,3656
1669,306037,12/11/2016,29.92,3659
1670,306038,12/11/2016,12.92,3660
1671,306039,12/11/2016,58.48,3664
1672,306040,12/11/2016,14.62,3665
1673,306041,12/11/2016,11.9,3666
1674,306042,12/11/2016,89.76,3667
1675,306043,12/11/2016,20.06,3668
1676,306044,12/11/2016,44.88,3669
1677,306045,12/11/2016,35.36,3670
1678,306046,12/11/2016,31.365,3671
1679,306047,12/11/2016,35.36,3672
1680,306048,12/11/2016,70.49333333,3673
1681,306049,12/11/2016,60.18,3675
1682,306050,12/11/2016,74.12,3677
1683,306051,12/11/2016,41.02666667,3679
1684,306052,12/11/2016,14.96,3680
1685,306053,12/11/2016,14.96,3682
1686,306054,12/11/2016,29.92,3683
1687,306055,12/11/2016,31.96,3685
1688,306056,12/11/2016,48.45,3686
1689,306057,12/11/2016,43.52,3687
1690,306058,12/11/2016,28.9,3688
1691,306059,12/11/2016,51.11333333,3689
1692,306060,12/11/2016,48.28,3691
1693,306061,12/11/2016,35.36,3697
1694,306062,12/11/2016,58.48,3698
1695,306063,12/11/2016,25.16,3699
1696,306064,12/11/2016,32.64,3700
1697,306065,12/11/2016,84.32,3701
1698,306066,12/11/2016,24.93333333,3702
1699,306067,12/11/2016,38.59,3703
1700,306068,12/11/2016,77.52,3704
1701,306069,12/11/2016,29.58,3705
1702,306070,12/11/2016,50.09333333,3706
1703,306071,12/11/2016,14.84666667,3707
1704,306072,12/11/2016,56.78,3708
1705,306073,12/11/2016,45.05,3709
1706,306074,12/11/2016,65.16666667,3710
1707,306075,12/11/2016,32.86666667,3711
1708,306076,12/11/2016,2.72,3712
1709,306077,12/11/2016,13.37333333,3713
1710,306078,12/11/2016,18.36,3714
1711,306079,12/11/2016,23.664,3715
1712,306080,12/11/2016,31.28,3718
1713,306081,12/11/2016,44.88,3719
1714,306082,12/11/2016,23.8,3721
1715,306083,12/11/2016,73.44,3722
1716,306084,12/11/2016,18.36,3723
1717,306085,12/11/2016,52.02,3727
1718,306086,12/11/2016,37.06,3730
1719,306087,12/11/2016,10.88,3735
1720,306088,12/11/2016,69.36,3739
1721,306089,12/11/2016,58.93333333,3741
1722,306090,12/11/2016,61.2,3742
1723,306091,12/11/2016,13.94,3744
1724,306092,12/11/2016,65.28,3748
1725,306093,12/11/2016,14.11,3751
1726,306094,12/11/2016,40.97,3753
1727,306095,12/11/2016,11.56,3756
1728,306096,12/11/2016,54.85333333,3759
1729,306097,12/11/2016,49.41333333,3761
1730,306098,12/11/2016,58.48,3762
1731,306099,12/11/2016,70.94666667,3763
1732,306100,12/11/2016,36.04,3764
1733,306101,12/11/2016,20.17333333,3765
1734,306102,12/11/2016,49.98,3766
1735,306103,12/11/2016,50.09333333,3767
1736,306104,12/11/2016,18.36,3768
1737,306105,12/11/2016,79.56,3769
1738,306106,12/11/2016,111.52,3770
1739,306107,12/11/2016,45.78666667,3771
1740,306108,12/11/2016,73.44,3772
1741,306109,12/11/2016,46.92,3773
1742,306110,12/11/2016,69.36,3774
1743,306111,12/11/2016,68.0,3775
1744,306112,12/11/2016,15.64,3787
1745,306113,12/11/2016,62.22,3789
1746,306114,12/11/2016,55.76,3791
1747,306115,12/11/2016,36.72,3792
1748,306116,12/11/2016,58.905,3794
1749,306117,12/11/2016,54.4,3795
1750,306118,12/11/2016,39.66666667,3796
1751,306119,12/11/2016,26.86,3797
1752,306120,12/11/2016,17.68,3798
1753,306121,12/11/2016,36.992,3799
1754,306122,12/11/2016,2.72,3800
1755,306123,12/11/2016,69.7,3801
1756,306124,12/11/2016,62.33333333,3802
1757,306125,12/11/2016,41.02666667,3803
1758,306126,12/11/2016,41.48,3804
1759,306127,12/11/2016,39.49666667,3806
1760,306128,12/11/2016,69.36,3808
1761,306129,12/11/2016,11.40888889,3810
1762,306130,12/11/2016,127.16,3812
1763,306131,12/11/2016,13.77,3813
1764,306132,12/11/2016,19.38,3814
1765,306133,12/11/2016,22.168,3815
1766,306134,12/11/2016,4.76,3816
1767,306135,12/11/2016,36.72,3818
1768,306136,12/11/2016,12.24,3820
1769,306137,12/11/2016,21.08,3822
1770,306138,12/11/2016,24.25333333,3823
1771,306139,12/11/2016,20.74,3827
1772,306140,12/11/2016,21.08,3830
1773,306141,12/11/2016,25.16,3831
1774,306142,12/11/2016,5.342857143,3832
1775,306143,12/11/2016,20.62666667,3833
1776,306144,12/11/2016,2.72,3835
1777,306145,12/11/2016,17.0,3837
1778,306146,12/11/2016,25.16,3839
1779,306147,12/11/2016,24.96571429,3840
1780,306148,12/11/2016,12.24,3841
1781,306149,12/11/2016,18.19,3842
1782,306150,12/11/2016,6.573333333,3843
1783,306151,12/11/2016,31.875,3844
1784,306152,12/11/2016,64.6,3848
1785,306153,12/11/2016,23.8,3851
1786,306154,12/11/2016,18.81333333,3852
1787,306155,12/11/2016,7.48,3853
1788,306156,12/11/2016,25.38666667,3854
1789,306157,12/11/2016,72.896,3855
1790,306158,12/11/2016,53.94666667,3857
1791,306159,12/11/2016,6.12,3858
1792,306160,12/11/2016,34.22666667,3859
1793,306161,12/11/2016,29.24,3860
1794,306162,12/11/2016,48.28,3874
1795,306163,12/11/2016,48.79,3875
1796,306164,12/11/2016,29.784,3876
1797,306165,12/11/2016,56.27,3878
1798,306166,12/11/2016,57.392,3882
1799,306167,12/11/2016,29.92,3883
1800,306168,12/11/2016,34.51,3884
1801,306169,12/11/2016,22.44,3885
1802,306170,12/11/2016,24.548,3886
1803,306171,12/11/2016,52.94285714,3887
1804,306172,12/11/2016,54.85333333,3889
1805,306173,12/11/2016,40.12,3891
1806,306174,12/11/2016,48.28,3892
1807,306175,12/11/2016,1.36,3894
1808,306176,12/11/2016,50.32,3895
1809,306177,12/11/2016,6.12,3896
1810,306178,12/11/2016,2.04,3897
1811,306179,12/11/2016,84.32,3899
1812,306180,12/11/2016,99.28,3900
1813,306181,12/11/2016,36.04,3902
1814,306182,12/11/2016,2.04,3909
1815,306183,12/11/2016,30.6,3910
1816,306184,12/11/2016,31.28,3914
1817,306185,12/11/2016,53.94666667,3918
1818,306186,12/11/2016,68.68,3920
1819,306187,12/11/2016,39.44,3921
1820,306188,12/11/2016,36.72,3924
1821,306189,12/11/2016,4.08,3926
1822,306190,12/11/2016,42.84,3927
1823,306191,12/11/2016,74.46,3928
1824,306192,12/11/2016,35.02,3932
1825,306193,12/11/2016,47.37333333,3934
1826,306194,12/11/2016,40.8,3935
1827,306195,12/11/2016,8.84,3936
1828,306196,12/11/2016,13.6,3937
1829,306197,12/11/2016,36.89,3938
1830,306198,12/11/2016,6.8,3939
1831,306199,12/11/2016,34.68,3940
1832,306200,12/11/2016,76.5,3954
1833,306201,12/11/2016,72.76,3960
1834,306202,12/11/2016,7.14,3961
1835,306203,12/11/2016,14.96,3964
1836,306204,12/11/2016,24.48,3965
1837,306205,12/11/2016,10.88,3966
1838,306206,12/11/2016,3.4,3968
1839,306207,12/11/2016,25.84,3970
1840,306208,12/11/2016,7.48,3971
1841,306209,12/11/2016,18.36,3973
1842,306210,12/11/2016,5.1,3974
1843,306211,12/11/2016,18.36,3975
1844,306212,12/11/2016,26.63333333,3976
1845,306213,12/11/2016,12.75,3981
1846,306214,12/11/2016,12.92,3982
1847,306215,12/11/2016,25.84,3983
1848,306216,12/11/2016,24.82,3986
1849,306217,12/11/2016,3.4,3989
1850,306218,12/11/2016,18.7,3990
1851,306219,12/11/2016,17.0,3991
1852,306220,12/11/2016,19.04,3993
1853,306221,12/11/2016,21.08,4012
1854,306222,12/11/2016,27.2,4013
1855,306223,12/11/2016,37.46181818,4014
1856,306224,12/11/2016,27.2,4018
1857,306225,12/11/2016,40.12,4019
1858,306226,12/11/2016,53.72,4020
1859,306227,12/11/2016,88.4,4021
1860,306228,12/11/2016,72.76,4022
1861,306229,12/11/2016,65.79,4024
1862,306230,12/11/2016,69.7,4027
1863,306231,12/11/2016,51.68,4028
1864,306232,12/11/2016,41.48,4054
1865,306233,12/11/2016,37.06,4055
1866,306234,12/11/2016,30.6,4056
1867,306235,12/11/2016,3.4,4058
1868,306236,12/11/2016,1.133333333,4061
1869,306237,12/11/2016,15.3,4065
1870,306238,12/11/2016,10.65333333,4067
1871,306239,12/11/2016,17.90666667,4068
1872,306240,12/11/2016,6.46,4069
1873,306241,12/11/2016,31.96,4070
1874,306242,12/11/2016,25.31111111,4071
1875,306243,12/11/2016,0.68,4072
1876,306244,12/11/2016,14.62,4073
1877,306245,12/11/2016,5.893333333,4075
1878,306246,12/11/2016,23.12,4079
1879,306247,12/11/2016,10.2,4080
1880,306248,12/11/2016,10.88,4082
1881,306249,12/11/2016,13.82666667,4083
1882,306250,12/11/2016,14.50666667,4084
1883,306251,12/11/2016,30.26,4085
1884,306252,12/11/2016,19.49333333,4087
1885,306253,12/11/2016,13.37333333,4089
1886,306254,12/11/2016,21.76,4095
1887,306255,12/11/2016,6.12,4097
1888,306256,12/11/2016,38.08,4099
1889,306257,12/11/2016,9.746666667,4101
1890,306258,12/11/2016,30.26,4102
1891,306259,12/11/2016,8.84,4106
1892,306260,12/11/2016,29.24,4110
1893,306261,12/11/2016,33.09333333,4112
1894,306262,12/11/2016,64.6,4114
1895,306263,12/11/2016,29.46666667,4116
1896,306264,12/11/2016,38.76,4123
1897,306265,12/11/2016,34.68,4127
1898,306266,12/11/2016,36.04,4136
1899,306267,12/11/2016,36.49333333,4137
1900,306268,12/11/2016,44.965,4139
1901,306269,12/11/2016,43.97333333,4142
1902,306270,12/11/2016,23.12,4143
1903,306271,12/11/2016,17.0,4144
1904,306272,12/11/2016,44.88,4149
1905,306273,12/11/2016,19.312,4151
1906,306274,12/11/2016,19.38,4156
1907,306275,12/11/2016,13.6,4157
1908,306276,12/11/2016,38.76,4160
1909,306277,12/11/2016,46.92,4162
1910,306278,12/11/2016,25.568,4163
1911,306279,12/11/2016,3.4,4164
1912,306280,12/11/2016,1.36,4165
1913,306281,12/11/2016,9.52,4167
1914,306282,12/11/2016,43.52,4169
1915,306283,12/11/2016,45.22,4170
1916,306284,12/11/2016,22.44,4171
1917,306285,12/11/2016,22.95,4172
1918,306286,12/11/2016,1.36,4173
1919,306287,12/11/2016,68.0,4174
1920,306288,12/11/2016,65.96,4175
1921,306289,12/11/2016,39.21333333,4176
1922,306290,12/11/2016,7.706666667,4177
1923,306291,12/11/2016,12.46666667,4179
1924,306292,12/11/2016,6.8,4180
1925,306293,12/11/2016,30.09,4182
1926,306294,12/11/2016,4.306666667,4184
1927,306295,12/11/2016,27.88,4186
1928,306296,12/11/2016,55.08,4187
1929,306297,12/11/2016,22.73142857,4189
1930,306298,12/11/2016,15.47,4191
1931,306299,12/11/2016,7.82,4192
1932,306300,12/11/2016,13.6,4194
1933,306301,12/11/2016,14.416,4195
1934,306302,12/11/2016,35.768,4196
1935,306303,12/11/2016,27.2,4197
1936,306304,12/11/2016,27.42666667,4198
1937,306305,12/11/2016,27.88,4199
1938,306306,12/11/2016,12.12666667,4200
1939,306307,12/11/2016,17.34,4204
1940,306308,12/11/2016,23.375,4205
1941,306309,12/11/2016,18.58666667,4207
1942,306310,12/11/2016,16.83,4209
1943,306311,12/11/2016,18.224,4211
1944,306312,12/11/2016,22.92571429,4212
1945,306313,12/11/2016,21.42,4214
1946,306314,12/11/2016,22.63428571,4215
1947,306315,12/11/2016,16.66,4216
1948,306316,12/11/2016,45.78666667,4218
1949,306317,12/11/2016,34.0,4220
1950,306318,12/11/2016,1.02,4222
1951,306319,12/11/2016,26.97333333,4223
1952,306320,12/11/2016,41.48,4224
1953,306321,12/11/2016,21.42,4225
1954,306322,12/11/2016,20.4,4226
1955,306323,12/11/2016,18.94285714,4227
1956,306324,12/11/2016,59.84,4228
1957,306325,12/11/2016,32.34857143,4229
1958,306326,12/11/2016,14.28,4230
1959,306327,12/11/2016,42.38666667,4231
1960,306328,12/11/2016,43.29333333,4232
1961,306329,12/11/2016,24.735,4233
1962,306330,12/11/2016,21.896,4234
1963,306331,12/11/2016,25.38666667,4235
1964,306332,12/11/2016,39.848,4238
1965,306333,12/11/2016,43.52,4240
1966,306334,12/11/2016,51.34,4242
1967,306335,12/11/2016,35.58666667,4243
1968,306336,12/11/2016,31.73333333,4245
1969,306337,12/11/2016,50.32,4246
1970,306338,12/11/2016,28.56,4247
1971,306339,12/11/2016,6.12,4251
1972,306340,12/11/2016,24.14,4259
1973,306341,12/11/2016,23.8,4261
1974,306342,12/11/2016,27.336,4262
1975,306343,12/11/2016,34.68,4263
1976,306344,12/11/2016,25.024,4264
1977,306345,12/11/2016,35.13333333,4265
1978,306346,12/11/2016,52.02,4266
1979,306347,12/11/2016,22.525,4268
1980,306348,12/11/2016,26.18,4269
1981,306349,12/11/2016,36.83333333,4270
1982,306350,12/11/2016,27.2,4271
1983,306351,12/11/2016,22.44,4272
1984,306352,12/11/2016,31.96,4273
1985,306353,12/11/2016,28.9,4275
1986,306354,12/11/2016,30.37333333,4276
1987,306355,12/11/2016,12.92,4278
1988,306356,12/11/2016,23.34666667,4282
1989,306357,12/11/2016,30.872,4283
1990,306358,12/11/2016,23.12,4284
1991,306359,12/11/2016,8.84,4287
1992,306360,12/11/2016,17.45333333,4289
1993,306361,12/11/2016,26.86,4290
1994,306362,12/11/2016,49.98,4291
1995,306363,12/11/2016,24.82,4292
1996,306364,12/11/2016,7.82,4293
1997,306365,12/11/2016,29.24,4294
1998,306366,12/11/2016,15.18666667,4295
1999,306367,12/11/2016,9.86,4297
2000,306368,12/11/2016,16.66,4299
2001,306369,12/11/2016,44.54,4300
2002,306370,12/11/2016,17.0,4302
2003,306371,12/11/2016,32.385,4304
2004,306372,12/11/2016,27.2,4305
2005,306373,12/11/2016,11.9,4306
2006,306374,12/11/2016,16.32,4307
2007,306375,12/11/2016,22.304,4308
2008,306376,12/11/2016,19.04,4309
2009,306377,12/11/2016,19.72,4310
2010,306378,12/11/2016,22.1,4312
2011,306379,12/11/2016,16.32,4313
2012,306380,12/11/2016,30.6,4314
2013,306381,12/11/2016,16.51428571,4315
2014,306382,12/11/2016,16.32,4317
2015,306383,12/11/2016,17.51,4319
2016,306384,12/11/2016,19.26666667,4321
2017,306385,12/11/2016,14.144,4322
2018,306386,12/11/2016,11.56,4326
2019,306387,12/11/2016,3.4,4327
2020,306388,12/11/2016,22.1,4328
2021,306389,12/11/2016,36.94666667,4329
2022,306390,12/11/2016,25.68888889,4331
2023,306391,12/11/2016,34.952,4332
2024,306392,12/11/2016,43.86,4333
2025,306393,12/11/2016,28.9,4338
2026,306394,12/11/2016,17.0,4340
2027,306395,12/11/2016,2.72,4345
2028,306396,12/11/2016,40.392,4346
2029,306397,12/11/2016,69.36,4352
2030,306398,12/11/2016,40.12,4353
2031,306399,12/11/2016,59.16,4367
2032,306400,12/11/2016,43.74666667,4381
2033,306401,12/11/2016,40.664,4383
2034,306402,12/11/2016,59.5,4384
2035,306403,12/11/2016,18.7,4385
2036,306404,12/11/2016,46.92,4389
2037,306405,12/11/2016,16.15,4391
2038,306406,12/11/2016,30.14666667,4393
2039,306407,12/11/2016,21.08,4400
2040,306408,12/11/2016,23.8,4403
2041,306409,12/11/2016,21.08,4404
2042,306410,12/11/2016,50.32,4405
2043,306411,12/11/2016,20.62666667,4406
2044,306412,12/11/2016,11.56,4407
2045,306413,12/11/2016,32.64,4408
2046,306414,12/11/2016,23.12,4409
2047,306415,12/11/2016,17.85,4410
2048,306416,12/11/2016,15.18666667,4413
2049,306417,12/11/2016,18.84571429,4415
2050,306418,12/11/2016,18.13333333,4417
2051,306419,12/11/2016,16.51428571,4421
2052,306420,12/11/2016,22.06909091,4422
2053,306421,12/11/2016,7.888,4423
2054,306422,12/11/2016,36.72,4425
2055,306423,12/11/2016,2.72,4426
2056,306424,12/11/2016,6.8,4427
2057,306425,12/11/2016,6.12,4429
2058,306426,12/11/2016,24.48,4430
2059,306427,12/11/2016,28.85142857,4431
2060,306428,12/11/2016,28.05,4432
2061,306429,12/11/2016,20.808,4433
2062,306430,12/11/2016,61.2,4434
2063,306431,12/11/2016,16.32,4436
2064,306432,12/11/2016,21.25,4440
2065,306433,12/11/2016,53.83333333,4441
2066,306434,12/11/2016,42.16,4442
2067,306435,12/11/2016,38.42,4443
2068,306436,12/11/2016,23.8,4444
2069,306437,12/11/2016,35.02,4446
2070,306438,12/11/2016,34.34,4447
2071,306439,12/11/2016,52.7,4448
2072,306440,12/11/2016,27.42666667,4449
2073,306441,12/11/2016,38.30666667,4450
2074,306442,12/11/2016,34.0,4452
2075,306443,12/11/2016,36.72,4491
2076,306444,12/11/2016,13.6,4494
2077,306445,12/11/2016,26.86,4495
2078,306446,12/11/2016,14.96,4496
2079,306447,12/11/2016,54.4,4497
2080,306448,12/11/2016,22.89333333,4498
2081,306449,12/11/2016,23.34666667,4499
2082,306450,12/11/2016,1.36,4500
2083,306451,12/11/2016,2.72,4502
2084,306452,12/11/2016,50.32,4504
2085,306453,12/11/2016,27.88,4506
2086,306454,12/11/2016,1.36,4508
2087,306455,12/11/2016,11.56,4511
2088,306456,12/11/2016,10.54,4514
2089,306457,12/11/2016,4.177142857,4515
2090,306458,12/11/2016,33.09333333,4516
2091,306459,12/11/2016,18.7,4517
2092,306460,12/11/2016,21.59,4519
2093,306461,12/11/2016,0.68,4532
2094,306462,12/11/2016,29.92,4533
2095,306463,12/11/2016,34.0,4534
2096,306464,12/11/2016,18.904,4536
2097,306465,12/11/2016,38.08,4537
2098,306466,12/11/2016,9.52,4539
2099,306467,12/11/2016,31.96,4540
2100,306468,12/11/2016,5.44,4541
2101,306469,12/11/2016,10.2,4545
2102,306470,12/11/2016,25.024,4546
2103,306471,12/11/2016,2.04,4547
2104,306472,12/11/2016,21.08,4549
2105,306473,12/11/2016,61.2,4550
2106,306474,12/11/2016,40.12,4552
2107,306475,12/11/2016,48.96,4553
2108,306476,12/11/2016,22.89333333,4554
2109,306477,12/11/2016,28.22,4555
2110,306478,12/11/2016,36.26666667,4556
2111,306479,12/11/2016,17.68,4557
2112,306480,12/11/2016,27.2,4560
2113,306481,12/11/2016,46.24,4561
2114,306482,12/11/2016,53.04,4562
2115,306483,12/11/2016,43.18,4563
2116,306484,12/11/2016,31.28,4564
2117,306485,12/11/2016,23.12,4565
2118,306486,12/11/2016,43.97333333,4585
2119,306487,12/11/2016,6.8,4586
2120,306488,12/11/2016,34.68,4588
2121,306489,12/11/2016,46.92,4589
2122,306490,12/11/2016,41.82,4590
2123,306491,12/11/2016,48.96,4591
2124,306492,12/11/2016,23.528,4592
2125,306493,12/11/2016,7.48,4593
2126,306494,12/11/2016,63.92,4594
2127,306495,12/11/2016,5.44,4597
2128,306496,12/11/2016,18.36,4606
2129,306497,12/11/2016,48.96,4617
2130,306498,12/11/2016,61.2,4621
2131,306499,12/11/2016,33.51428571,4632
2132,306500,12/11/2016,43.52,4635
2133,306501,12/11/2016,30.6,4637
2134,306502,12/11/2016,4.08,4643
2135,306503,12/11/2016,16.32,4650
